,FLOOR_rfc80final.sav,LATITUDE_xgb_lat_toughfinal.model,LONGITUDE
0,1,4864984.0,
1,1,4864981.0,
2,1,4864981.0,
3,1,4864992.5,
4,1,4864992.5,
5,1,4864996.0,
6,1,4864996.0,
7,1,4864994.0,
8,1,4864990.0,
9,1,4864984.0,
10,1,4864982.0,
11,1,4865012.0,
12,1,4864986.5,
13,1,4864984.5,
14,2,4864903.0,
15,1,4864988.0,
16,1,4864999.5,
17,1,4865002.5,
18,1,4865003.5,
19,1,4864987.5,
20,1,4865004.0,
21,1,4865004.0,
22,1,4865004.0,
23,1,4864912.0,
24,1,4864981.0,
25,1,4864981.5,
26,1,4864985.5,
27,1,4864978.5,
28,1,4864998.0,
29,1,4864998.5,
30,1,4865005.5,
31,1,4865009.0,
32,1,4865010.0,
33,1,4864982.0,
34,1,4864983.0,
35,1,4864983.0,
36,1,4864983.5,
37,1,4864983.0,
38,1,4864983.5,
39,1,4864983.0,
40,1,4864981.5,
41,1,4864983.0,
42,1,4864982.0,
43,1,4864983.0,
44,1,4864983.0,
45,1,4864982.5,
46,1,4864982.5,
47,1,4864983.0,
48,1,4864983.0,
49,1,4864983.0,
50,1,4864983.0,
51,1,4864986.0,
52,1,4864979.0,
53,1,4864978.0,
54,1,4864982.5,
55,1,4864983.5,
56,1,4865013.0,
57,1,4865011.5,
58,1,4865009.5,
59,1,4865007.5,
60,1,4865011.0,
61,1,4864984.0,
62,1,4865011.0,
63,1,4865007.5,
64,1,4865007.0,
65,1,4865008.0,
66,1,4865007.5,
67,2,4865006.5,
68,2,4865002.5,
69,1,4865006.5,
70,1,4865006.5,
71,2,4865004.0,
72,1,4865007.0,
73,2,4865004.0,
74,2,4865008.0,
75,2,4865008.5,
76,2,4865009.5,
77,2,4865014.0,
78,2,4865011.0,
79,2,4865010.5,
80,2,4865012.0,
81,2,4865012.5,
82,1,4864989.0,
83,1,4864987.5,
84,1,4864993.0,
85,1,4864978.5,
86,1,4864980.5,
87,1,4864976.5,
88,1,4864980.5,
89,1,4864980.0,
90,2,4865011.5,
91,1,4864977.0,
92,1,4864979.5,
93,1,4864979.5,
94,1,4864975.5,
95,1,4864979.5,
96,1,4864980.5,
97,1,4864980.5,
98,1,4864979.5,
99,1,4864976.5,
100,1,4864977.5,
101,1,4864979.0,
102,1,4864974.5,
103,1,4864976.0,
104,1,4864976.5,
105,1,4864977.5,
106,1,4864984.5,
107,1,4864979.0,
108,1,4864979.5,
109,1,4864979.5,
110,1,4864980.0,
111,1,4864983.5,
112,1,4864986.0,
113,1,4864992.0,
114,1,4864982.5,
115,1,4864989.0,
116,1,4864989.0,
117,1,4864980.5,
118,1,4864986.5,
119,1,4864986.5,
120,1,4864986.0,
121,1,4864985.5,
122,1,4864988.5,
123,1,4864983.0,
124,1,4864986.0,
125,1,4864983.5,
126,1,4864990.5,
127,1,4864991.5,
128,1,4864991.5,
129,1,4864984.5,
130,1,4864981.5,
131,1,4864979.0,
132,1,4864975.5,
133,1,4864978.5,
134,1,4864975.5,
135,1,4864975.5,
136,1,4864975.5,
137,1,4864976.5,
138,1,4864976.5,
139,1,4864975.5,
140,1,4864975.5,
141,1,4865005.0,
142,1,4865007.5,
143,1,4865014.5,
144,2,4865007.5,
145,2,4864999.5,
146,2,4864999.5,
147,2,4864996.5,
148,1,4865002.0,
149,1,4865000.5,
150,2,4865000.5,
151,1,4865004.5,
152,1,4865000.5,
153,1,4864976.0,
154,1,4864975.5,
155,1,4864970.5,
156,1,4864983.5,
157,1,4864982.5,
158,1,4864982.5,
159,1,4864986.0,
160,1,4864987.5,
161,1,4864985.5,
162,1,4864983.5,
163,1,4864985.0,
164,1,4864986.0,
165,1,4864980.5,
166,1,4864986.0,
167,1,4864984.5,
168,1,4864979.5,
169,1,4864980.5,
170,1,4864997.0,
171,1,4864985.0,
172,1,4865003.5,
173,1,4864993.5,
174,1,4864997.0,
175,1,4864997.0,
176,1,4864995.0,
177,1,4864995.5,
178,1,4864994.5,
179,1,4864995.5,
180,1,4864988.0,
181,1,4864988.5,
182,1,4864989.0,
183,1,4864979.5,
184,1,4864984.0,
185,1,4864985.0,
186,1,4864983.5,
187,1,4864982.5,
188,1,4864984.0,
189,1,4864984.0,
190,1,4864984.0,
191,1,4865007.0,
192,2,4865007.0,
193,2,4865007.0,
194,2,4865007.0,
195,2,4865007.0,
196,1,4865007.0,
197,1,4865007.0,
198,1,4865007.5,
199,1,4865010.5,
200,1,4865010.0,
201,1,4865010.0,
202,1,4865012.5,
203,1,4865025.5,
204,1,4865029.5,
205,1,4865017.0,
206,1,4865017.0,
207,1,4865021.5,
208,1,4865022.5,
209,1,4865021.5,
210,1,4865019.0,
211,1,4865019.5,
212,1,4865022.0,
213,1,4865022.0,
214,1,4865023.0,
215,1,4865021.0,
216,1,4865016.0,
217,1,4865009.0,
218,1,4865007.0,
219,1,4865016.0,
220,1,4865017.5,
221,1,4865017.5,
222,1,4865009.5,
223,1,4865009.0,
224,1,4865010.0,
225,1,4865009.0,
226,1,4865008.5,
227,1,4864998.5,
228,1,4865011.5,
229,1,4865009.5,
230,1,4865017.5,
231,1,4865019.5,
232,1,4865018.5,
233,1,4865017.5,
234,1,4864990.5,
235,1,4864990.0,
236,1,4865006.5,
237,1,4865009.5,
238,2,4864990.5,
239,1,4865011.0,
240,1,4865011.0,
241,1,4865011.0,
242,1,4864990.0,
243,2,4865012.5,
244,1,4864994.5,
245,1,4864993.5,
246,1,4864993.0,
247,1,4864993.0,
248,1,4864991.0,
249,1,4864990.5,
250,1,4864992.0,
251,1,4864992.0,
252,1,4864996.5,
253,1,4864995.0,
254,1,4864995.0,
255,1,4864995.0,
256,1,4864990.0,
257,1,4864996.0,
258,1,4864990.0,
259,1,4864993.0,
260,1,4864995.5,
261,1,4864992.5,
262,1,4864994.0,
263,1,4864994.5,
264,1,4864994.0,
265,1,4864994.5,
266,1,4864995.0,
267,1,4864987.5,
268,1,4864990.5,
269,1,4864991.5,
270,1,4864990.5,
271,1,4864991.5,
272,1,4865004.5,
273,1,4865002.5,
274,1,4865002.5,
275,1,4865021.0,
276,1,4865023.0,
277,1,4865022.5,
278,1,4865020.5,
279,1,4865028.5,
280,1,4865029.0,
281,1,4865029.0,
282,1,4865023.5,
283,1,4865019.0,
284,1,4865017.5,
285,1,4865018.0,
286,1,4865019.0,
287,1,4865027.0,
288,1,4865027.0,
289,1,4865019.5,
290,1,4865019.5,
291,1,4865026.5,
292,1,4865027.0,
293,1,4865022.5,
294,1,4865022.5,
295,1,4865022.0,
296,1,4865025.0,
297,1,4865025.0,
298,1,4865022.0,
299,1,4865022.0,
300,1,4865029.5,
301,1,4865021.5,
302,1,4865021.0,
303,1,4865019.0,
304,1,4865017.0,
305,1,4865015.5,
306,1,4865015.5,
307,1,4865015.5,
308,1,4864984.5,
309,1,4864986.0,
310,1,4864985.5,
311,1,4864986.5,
312,1,4864984.0,
313,1,4864987.0,
314,1,4864984.5,
315,1,4864982.0,
316,1,4864982.0,
317,1,4864991.0,
318,1,4864982.0,
319,1,4864984.0,
320,1,4864984.0,
321,1,4865012.5,
322,1,4865015.5,
323,1,4865002.5,
324,1,4864988.5,
325,1,4864989.0,
326,1,4864978.5,
327,1,4864985.0,
328,1,4864984.5,
329,1,4864979.0,
330,1,4864983.5,
331,1,4864984.5,
332,1,4864978.5,
333,2,4865007.0,
334,2,4865008.0,
335,2,4865008.0,
336,2,4865008.0,
337,2,4865008.0,
338,2,4865011.0,
339,2,4865011.0,
340,2,4865010.5,
341,2,4865011.5,
342,2,4865007.5,
343,2,4865008.5,
344,2,4865008.0,
345,2,4865008.5,
346,2,4865004.5,
347,2,4865004.5,
348,2,4865004.5,
349,2,4865004.5,
350,2,4865004.5,
351,2,4865004.5,
352,2,4865008.5,
353,1,4864987.0,
354,1,4864986.5,
355,1,4864986.0,
356,1,4864990.5,
357,1,4864987.5,
358,1,4864986.5,
359,1,4864986.5,
360,1,4864985.0,
361,1,4864985.0,
362,1,4864983.5,
363,1,4864984.5,
364,1,4864980.5,
365,1,4864985.5,
366,1,4864985.5,
367,1,4864983.5,
368,1,4864985.0,
369,1,4864985.0,
370,1,4864982.0,
371,1,4864985.0,
372,1,4864990.5,
373,1,4864991.5,
374,1,4864984.0,
375,1,4864984.5,
376,1,4864980.0,
377,1,4864988.0,
378,1,4864978.0,
379,1,4864991.0,
380,1,4864981.5,
381,1,4864985.0,
382,1,4864981.0,
383,1,4864993.0,
384,2,4865018.5,
385,2,4865017.5,
386,2,4865018.0,
387,2,4865020.0,
388,2,4865013.0,
389,2,4865014.0,
390,2,4865012.5,
391,2,4865010.5,
392,2,4865016.5,
393,2,4865017.0,
394,2,4865008.0,
395,2,4865005.0,
396,2,4865005.5,
397,2,4865007.5,
398,2,4865006.5,
399,1,4865015.0,
400,1,4865008.5,
401,1,4865007.5,
402,1,4864999.5,
403,1,4864985.0,
404,1,4864989.5,
405,1,4864981.0,
406,1,4864989.5,
407,1,4864989.5,
408,1,4864983.5,
409,1,4864984.0,
410,1,4864988.5,
411,1,4864987.5,
412,1,4864987.5,
413,1,4864975.0,
414,1,4864979.0,
415,1,4864972.5,
416,1,4864987.0,
417,1,4864984.5,
418,1,4864979.5,
419,1,4864986.0,
420,1,4864972.5,
421,1,4864981.0,
422,1,4864991.5,
423,1,4864966.5,
424,1,4864973.0,
425,1,4864991.0,
426,1,4864973.0,
427,1,4864975.0,
428,1,4864957.0,
429,1,4864957.5,
430,1,4864957.5,
431,1,4864983.5,
432,1,4864956.5,
433,1,4864972.0,
434,1,4864977.0,
435,1,4864954.0,
436,1,4864954.0,
437,1,4864954.0,
438,1,4864956.0,
439,1,4864965.0,
440,1,4864959.5,
441,1,4864958.0,
442,1,4864963.0,
443,1,4864956.0,
444,1,4864987.5,
445,1,4864986.5,
446,1,4864985.5,
447,1,4864985.0,
448,1,4864985.0,
449,1,4864987.0,
450,0,4864987.5,
451,1,4864985.5,
452,0,4864991.5,
453,1,4864970.0,
454,0,4864993.0,
455,0,4864993.0,
456,0,4864993.0,
457,0,4864992.5,
458,0,4864993.5,
459,0,4864992.5,
460,0,4864988.5,
461,0,4864990.5,
462,1,4864971.0,
463,0,4864989.0,
464,1,4864981.0,
465,1,4864972.5,
466,1,4864972.5,
467,1,4864973.5,
468,1,4864979.5,
469,1,4864980.5,
470,1,4864980.5,
471,1,4864978.5,
472,1,4864978.0,
473,1,4864952.0,
474,1,4864956.5,
475,1,4864933.0,
476,1,4864932.5,
477,1,4864932.5,
478,1,4864932.5,
479,1,4864932.5,
480,1,4864932.5,
481,1,4864946.5,
482,1,4864965.0,
483,1,4864963.0,
484,1,4864965.0,
485,1,4864965.0,
486,1,4864965.0,
487,1,4864966.5,
488,1,4864967.5,
489,1,4864966.0,
490,1,4864966.0,
491,1,4864966.0,
492,1,4864964.5,
493,2,4864931.0,
494,1,4864932.0,
495,1,4864930.0,
496,1,4864941.0,
497,1,4864949.0,
498,1,4864949.0,
499,1,4864950.0,
500,1,4864950.0,
501,1,4864946.5,
502,2,4864907.0,
503,2,4864910.0,
504,2,4864911.0,
505,2,4864911.0,
506,2,4864911.0,
507,2,4864910.0,
508,2,4864911.5,
509,2,4864911.0,
510,2,4864895.0,
511,2,4864911.0,
512,2,4864911.0,
513,2,4864911.0,
514,2,4864911.0,
515,2,4864911.0,
516,2,4864911.0,
517,2,4864911.5,
518,2,4864911.5,
519,2,4864912.5,
520,2,4864914.5,
521,2,4864914.5,
522,2,4864914.5,
523,2,4864913.5,
524,2,4864913.5,
525,2,4864913.5,
526,1,4864946.0,
527,1,4864934.5,
528,1,4864934.5,
529,1,4864940.5,
530,1,4864949.5,
531,1,4864950.0,
532,1,4864949.5,
533,1,4864954.0,
534,1,4864952.0,
535,1,4864952.0,
536,1,4864952.5,
537,1,4864953.0,
538,1,4864953.0,
539,1,4864953.0,
540,1,4864953.0,
541,1,4864952.0,
542,1,4864952.5,
543,2,4864922.5,
544,2,4864922.5,
545,2,4864922.5,
546,2,4864926.0,
547,2,4864912.5,
548,2,4864914.0,
549,2,4864914.0,
550,1,4864913.5,
551,2,4864922.5,
552,2,4864907.0,
553,2,4864919.5,
554,2,4864907.0,
555,2,4864907.0,
556,2,4864908.0,
557,2,4864908.0,
558,2,4864909.5,
559,1,4864919.0,
560,2,4864918.5,
561,2,4864919.0,
562,2,4864918.5,
563,2,4864903.0,
564,2,4864902.5,
565,2,4864902.5,
566,2,4864902.5,
567,2,4864907.5,
568,2,4864907.5,
569,2,4864919.5,
570,2,4864919.5,
571,2,4864919.0,
572,2,4864919.5,
573,2,4864919.5,
574,2,4864919.0,
575,2,4864915.5,
576,2,4864915.5,
577,2,4864915.5,
578,2,4864915.5,
579,2,4864914.5,
580,2,4864915.0,
581,2,4864914.5,
582,2,4864916.5,
583,2,4864916.5,
584,2,4864923.0,
585,2,4864923.0,
586,2,4864923.0,
587,2,4864923.0,
588,2,4864923.0,
589,2,4864922.5,
590,2,4864922.5,
591,2,4864923.0,
592,2,4864926.5,
593,2,4864935.0,
594,2,4864935.0,
595,2,4864933.5,
596,2,4864933.5,
597,2,4864942.5,
598,2,4864942.5,
599,2,4864953.5,
600,2,4864953.5,
601,2,4864953.5,
602,2,4864964.0,
603,2,4864957.0,
604,2,4864955.0,
605,2,4864955.0,
606,2,4864949.0,
607,1,4864953.0,
608,1,4864948.0,
609,1,4864949.0,
610,1,4864949.0,
611,1,4864949.0,
612,1,4864949.0,
613,1,4864940.0,
614,1,4864942.5,
615,1,4864941.0,
616,1,4864942.0,
617,1,4864942.0,
618,1,4864942.0,
619,1,4864942.0,
620,1,4864942.5,
621,1,4864941.5,
622,2,4864923.5,
623,1,4864941.5,
624,2,4864909.5,
625,2,4864905.0,
626,2,4864905.0,
627,2,4864915.5,
628,2,4864915.5,
629,2,4864921.0,
630,2,4864921.0,
631,2,4864921.0,
632,1,4864940.0,
633,1,4864940.0,
634,1,4864956.5,
635,1,4864956.5,
636,1,4864973.5,
637,1,4864966.0,
638,1,4864966.0,
639,1,4864976.5,
640,1,4864975.0,
641,1,4864975.0,
642,1,4864974.0,
643,1,4864960.0,
644,1,4864960.0,
645,1,4864960.5,
646,1,4864960.5,
647,1,4864960.0,
648,1,4864960.5,
649,1,4864960.0,
650,1,4864960.0,
651,1,4864960.0,
652,1,4864960.5,
653,1,4864915.0,
654,2,4864915.0,
655,2,4864917.5,
656,2,4864927.0,
657,2,4864929.0,
658,2,4864929.0,
659,2,4864930.0,
660,2,4864927.0,
661,2,4864927.0,
662,2,4864927.0,
663,2,4864927.0,
664,2,4864928.0,
665,2,4864924.5,
666,2,4864927.0,
667,2,4864927.0,
668,2,4864924.5,
669,2,4864924.5,
670,2,4864928.5,
671,2,4864902.5,
672,2,4864902.0,
673,2,4864902.0,
674,2,4864902.0,
675,2,4864934.0,
676,2,4864939.5,
677,2,4864939.5,
678,2,4864944.5,
679,2,4864945.0,
680,2,4864945.0,
681,2,4864945.0,
682,2,4864945.0,
683,2,4864944.5,
684,2,4864945.0,
685,2,4864945.0,
686,2,4864945.0,
687,2,4864944.5,
688,2,4864944.5,
689,2,4864944.5,
690,2,4864945.0,
691,2,4864939.5,
692,2,4864939.5,
693,2,4864939.5,
694,2,4864924.0,
695,2,4864924.0,
696,2,4864924.0,
697,2,4864939.5,
698,2,4864939.5,
699,2,4864939.5,
700,1,4864931.0,
701,1,4864935.5,
702,1,4864932.5,
703,1,4864935.0,
704,1,4864930.0,
705,1,4864935.0,
706,1,4864936.0,
707,1,4864931.5,
708,1,4864933.5,
709,1,4864934.0,
710,1,4864933.5,
711,1,4864935.5,
712,1,4864935.5,
713,1,4864934.5,
714,1,4864934.5,
715,1,4864934.0,
716,1,4864931.5,
717,1,4864931.0,
718,1,4864931.0,
719,1,4864930.5,
720,1,4864930.5,
721,1,4864933.0,
722,1,4864933.0,
723,1,4864932.5,
724,1,4864924.5,
725,1,4864925.5,
726,1,4864926.0,
727,1,4864925.5,
728,1,4864929.0,
729,1,4864925.5,
730,1,4864922.5,
731,1,4864929.0,
732,1,4864929.5,
733,1,4864926.5,
734,1,4864939.0,
735,1,4864942.5,
736,1,4864943.5,
737,1,4864936.5,
738,1,4864936.5,
739,1,4864936.0,
740,1,4864937.5,
741,1,4864939.5,
742,1,4864939.5,
743,1,4864938.5,
744,1,4864939.0,
745,1,4864948.0,
746,1,4864948.0,
747,1,4864954.5,
748,1,4864945.0,
749,1,4864947.5,
750,1,4864948.0,
751,1,4864959.0,
752,1,4864959.0,
753,1,4864963.0,
754,1,4864962.0,
755,1,4864961.0,
756,1,4864962.0,
757,1,4864961.5,
758,1,4864961.0,
759,1,4864961.5,
760,1,4864935.0,
761,1,4864938.5,
762,1,4864933.5,
763,1,4864934.5,
764,1,4864933.5,
765,1,4864933.5,
766,1,4864936.0,
767,1,4864934.5,
768,1,4864934.5,
769,1,4864933.5,
770,1,4864934.0,
771,1,4864930.0,
772,1,4864932.0,
773,1,4864931.5,
774,1,4864930.5,
775,1,4864926.5,
776,1,4864928.5,
777,1,4864927.0,
778,1,4864926.5,
779,1,4864928.0,
780,1,4864927.0,
781,1,4864924.5,
782,1,4864927.5,
783,1,4864927.5,
784,1,4864925.5,
785,1,4864926.0,
786,1,4864925.5,
787,1,4864925.0,
788,1,4864925.0,
789,1,4864924.5,
790,1,4864927.5,
791,1,4864927.0,
792,1,4864931.0,
793,1,4864929.0,
794,1,4864929.0,
795,1,4864927.5,
796,1,4864928.5,
797,1,4864926.5,
798,1,4864926.5,
799,1,4864926.5,
800,1,4864927.0,
801,1,4864931.5,
802,1,4864933.0,
803,1,4864931.5,
804,1,4864934.0,
805,1,4864933.5,
806,1,4864932.5,
807,1,4864933.0,
808,1,4864930.5,
809,1,4864932.5,
810,1,4864928.0,
811,1,4864929.5,
812,1,4864929.5,
813,1,4864930.5,
814,1,4864929.5,
815,1,4864930.5,
816,1,4864930.0,
817,1,4864930.5,
818,1,4864930.0,
819,1,4864924.0,
820,1,4864920.5,
821,1,4864921.0,
822,1,4864920.0,
823,1,4864923.0,
824,1,4864920.5,
825,1,4864920.5,
826,1,4864923.5,
827,1,4864925.5,
828,1,4864918.5,
829,1,4864926.0,
830,1,4864928.0,
831,1,4864932.5,
832,1,4864934.5,
833,1,4864933.5,
834,1,4864932.5,
835,1,4864933.0,
836,1,4864933.0,
837,1,4864932.0,
838,1,4864931.5,
839,1,4864931.5,
840,1,4864928.0,
841,1,4864928.5,
842,1,4864928.5,
843,1,4864928.0,
844,1,4864928.0,
845,1,4864928.0,
846,1,4864928.0,
847,1,4864928.5,
848,1,4864927.5,
849,1,4864928.5,
850,1,4864928.0,
851,1,4864924.5,
852,1,4864929.0,
853,1,4864924.5,
854,1,4864923.0,
855,1,4864928.5,
856,1,4864930.5,
857,1,4864932.5,
858,1,4864933.0,
859,1,4864936.0,
860,1,4864925.5,
861,1,4864926.5,
862,1,4864928.5,
863,1,4864931.0,
864,1,4864929.5,
865,1,4864931.0,
866,1,4864931.5,
867,1,4864931.0,
868,1,4864929.5,
869,1,4864927.0,
870,1,4864923.5,
871,1,4864925.0,
872,1,4864926.5,
873,1,4864927.0,
874,1,4864925.5,
875,1,4864922.0,
876,1,4864922.0,
877,1,4864927.5,
878,1,4864928.0,
879,1,4864928.0,
880,1,4864926.5,
881,1,4864924.0,
882,1,4864923.5,
883,1,4864924.0,
884,1,4864924.5,
885,1,4864925.0,
886,1,4864924.0,
887,1,4864924.0,
888,1,4864921.0,
889,1,4864921.0,
890,1,4864923.0,
891,1,4864922.0,
892,1,4864922.0,
893,1,4864920.5,
894,1,4864926.5,
895,1,4864926.0,
896,1,4864928.0,
897,1,4864926.5,
898,1,4864927.0,
899,1,4864925.0,
900,1,4864920.0,
901,1,4864920.5,
902,1,4864921.5,
903,1,4864919.5,
904,1,4864920.0,
905,1,4864920.0,
906,1,4864920.0,
907,1,4864923.5,
908,1,4864923.5,
909,1,4864920.0,
910,1,4864920.0,
911,1,4864924.0,
912,1,4864927.5,
913,1,4864929.0,
914,1,4864929.5,
915,1,4864929.0,
916,1,4864926.5,
917,1,4864929.0,
918,1,4864929.0,
919,1,4864928.5,
920,1,4864926.5,
921,1,4864926.5,
922,1,4864930.0,
923,1,4864927.5,
924,1,4864928.0,
925,1,4864928.0,
926,1,4864926.0,
927,1,4864926.5,
928,1,4864924.5,
929,1,4864927.0,
930,1,4864926.0,
931,1,4864925.0,
932,1,4864922.5,
933,1,4864923.0,
934,1,4864923.0,
935,1,4864923.5,
936,1,4864923.0,
937,1,4864923.5,
938,1,4864923.5,
939,1,4864926.0,
940,1,4864925.5,
941,1,4864926.0,
942,1,4864921.5,
943,1,4864923.0,
944,1,4864924.0,
945,1,4864922.5,
946,1,4864922.0,
947,1,4864921.0,
948,1,4864919.0,
949,1,4864920.0,
950,1,4864921.5,
951,1,4864922.5,
952,1,4864922.5,
953,1,4864921.5,
954,1,4864925.5,
955,1,4864927.5,
956,1,4864926.0,
957,1,4864926.0,
958,1,4864927.5,
959,1,4864927.0,
960,1,4864913.5,
961,1,4864908.0,
962,1,4864910.5,
963,1,4864909.0,
964,1,4864914.0,
965,1,4864916.5,
966,1,4864914.5,
967,1,4864909.5,
968,1,4864911.5,
969,1,4864902.0,
970,1,4864902.5,
971,1,4864892.5,
972,1,4864916.0,
973,1,4864914.0,
974,1,4864913.0,
975,1,4864913.0,
976,1,4864913.0,
977,1,4864912.5,
978,1,4864915.0,
979,1,4864917.0,
980,1,4864913.5,
981,1,4864912.5,
982,1,4864911.5,
983,1,4864911.0,
984,1,4864911.0,
985,1,4864911.0,
986,1,4864910.5,
987,1,4864905.5,
988,1,4864905.5,
989,1,4864906.5,
990,1,4864902.0,
991,1,4864900.0,
992,1,4864902.0,
993,1,4864902.0,
994,1,4864903.0,
995,1,4864903.0,
996,1,4864903.0,
997,1,4864902.0,
998,1,4864903.0,
999,1,4864902.5,
1000,1,4864903.0,
1001,1,4864909.0,
1002,1,4864909.5,
1003,1,4864909.0,
1004,1,4864910.0,
1005,1,4864910.0,
1006,1,4864923.5,
1007,1,4864922.0,
1008,1,4864923.5,
1009,1,4864923.5,
1010,1,4864925.0,
1011,1,4864925.0,
1012,1,4864911.5,
1013,1,4864911.5,
1014,1,4864912.5,
1015,1,4864913.5,
1016,1,4864913.0,
1017,1,4864913.0,
1018,1,4864913.0,
1019,1,4864913.0,
1020,1,4864913.0,
1021,1,4864914.0,
1022,1,4864914.0,
1023,1,4864912.5,
1024,1,4864912.5,
1025,1,4864918.0,
1026,1,4864912.5,
1027,1,4864919.5,
1028,1,4864919.5,
1029,1,4864919.0,
1030,1,4864919.5,
1031,1,4864924.0,
1032,1,4864921.5,
1033,1,4864920.5,
1034,1,4864920.0,
1035,1,4864920.0,
1036,1,4864925.0,
1037,1,4864924.5,
1038,1,4864920.0,
1039,1,4864920.5,
1040,1,4864920.0,
1041,1,4864912.5,
1042,1,4864914.5,
1043,1,4864918.5,
1044,1,4864912.5,
1045,1,4864916.0,
1046,1,4864915.5,
1047,1,4864911.5,
1048,1,4864915.5,
1049,1,4864916.5,
1050,1,4864914.0,
1051,1,4864917.5,
1052,1,4864920.0,
1053,1,4864919.0,
1054,1,4864921.5,
1055,1,4864918.5,
1056,1,4864917.5,
1057,1,4864917.5,
1058,1,4864916.0,
1059,1,4864921.0,
1060,1,4864922.5,
1061,1,4864923.0,
1062,1,4864924.0,
1063,1,4864922.0,
1064,1,4864925.0,
1065,1,4864923.5,
1066,1,4864921.5,
1067,1,4864918.5,
1068,1,4864920.5,
1069,1,4864921.0,
1070,1,4864925.0,
1071,1,4864921.5,
1072,1,4864922.5,
1073,1,4864927.0,
1074,1,4864928.5,
1075,1,4864924.5,
1076,1,4864924.0,
1077,1,4864931.0,
1078,1,4864923.5,
1079,1,4864921.5,
1080,1,4864924.0,
1081,1,4864930.5,
1082,1,4864927.0,
1083,1,4864927.5,
1084,1,4864926.0,
1085,1,4864927.0,
1086,1,4864923.5,
1087,1,4864923.0,
1088,1,4864921.0,
1089,1,4864924.5,
1090,1,4864930.0,
1091,1,4864926.5,
1092,1,4864926.5,
1093,1,4864929.5,
1094,1,4864928.0,
1095,1,4864927.5,
1096,1,4864925.0,
1097,1,4864925.5,
1098,1,4864925.0,
1099,1,4864926.5,
1100,1,4864932.0,
1101,1,4864932.5,
1102,1,4864930.5,
1103,1,4864930.5,
1104,1,4864932.5,
1105,1,4864932.0,
1106,1,4864932.0,
1107,1,4864932.5,
1108,1,4864932.5,
1109,1,4864933.0,
1110,1,4864931.5,
1111,1,4864932.0,
1112,1,4864932.0,
1113,1,4864929.5,
1114,1,4864930.0,
1115,1,4864935.0,
1116,1,4864935.5,
1117,1,4864933.5,
1118,1,4864935.0,
1119,1,4864935.0,
1120,1,4864935.5,
1121,1,4864931.0,
1122,1,4864936.0,
1123,1,4864932.5,
1124,1,4864937.0,
1125,1,4864933.0,
1126,1,4864933.0,
1127,1,4864935.0,
1128,1,4864931.5,
1129,1,4864934.5,
1130,1,4864935.5,
1131,1,4864933.5,
1132,1,4864929.5,
1133,1,4864928.5,
1134,1,4864931.0,
1135,1,4864928.0,
1136,1,4864931.0,
1137,1,4864934.5,
1138,1,4864931.0,
1139,1,4864928.5,
1140,1,4864932.5,
1141,1,4864927.5,
1142,1,4864934.0,
1143,1,4864933.0,
1144,1,4864932.0,
1145,1,4864925.0,
1146,1,4864930.5,
1147,1,4864928.5,
1148,1,4864928.5,
1149,1,4864924.5,
1150,1,4864931.0,
1151,1,4864926.5,
1152,1,4864926.0,
1153,1,4864926.0,
1154,1,4864935.5,
1155,1,4864935.5,
1156,1,4864935.5,
1157,1,4864929.5,
1158,1,4864928.0,
1159,1,4864935.5,
1160,1,4864933.5,
1161,1,4864934.5,
1162,1,4864934.5,
1163,1,4864933.5,
1164,1,4864934.0,
1165,1,4864933.5,
1166,1,4864934.5,
1167,1,4864938.5,
1168,1,4864931.5,
1169,1,4864935.0,
1170,1,4864928.5,
1171,1,4864929.0,
1172,1,4864929.5,
1173,1,4864935.5,
1174,1,4864934.0,
1175,1,4864935.0,
1176,1,4864934.5,
1177,1,4864934.0,
1178,1,4864933.5,
1179,1,4864933.5,
1180,1,4864932.5,
1181,1,4864933.0,
1182,1,4864929.5,
1183,1,4864936.5,
1184,1,4864934.5,
1185,1,4864933.0,
1186,1,4864934.0,
1187,1,4864935.0,
1188,1,4864932.5,
1189,1,4864932.5,
1190,1,4864931.5,
1191,1,4864936.0,
1192,1,4864931.5,
1193,1,4864932.0,
1194,1,4864932.0,
1195,1,4864932.0,
1196,1,4864931.5,
1197,1,4864932.0,
1198,1,4864932.0,
1199,1,4864932.0,
1200,1,4864931.0,
1201,1,4864934.5,
1202,1,4864932.5,
1203,1,4864930.5,
1204,1,4864930.0,
1205,1,4864929.0,
1206,1,4864929.5,
1207,1,4864930.0,
1208,1,4864932.0,
1209,1,4864931.5,
1210,1,4864934.0,
1211,1,4864929.5,
1212,1,4864933.0,
1213,1,4864936.5,
1214,1,4864934.5,
1215,1,4864933.5,
1216,1,4864935.5,
1217,1,4864933.5,
1218,1,4864935.5,
1219,1,4864935.0,
1220,1,4864932.0,
1221,1,4864934.0,
1222,1,4864933.0,
1223,1,4864933.5,
1224,1,4864933.0,
1225,1,4864934.0,
1226,1,4864936.5,
1227,1,4864936.0,
1228,1,4864936.0,
1229,1,4864933.5,
1230,1,4864931.5,
1231,1,4864933.0,
1232,1,4864932.0,
1233,1,4864934.0,
1234,1,4864934.5,
1235,1,4864930.5,
1236,1,4864934.0,
1237,1,4864934.5,
1238,1,4864933.0,
1239,1,4864933.0,
1240,1,4864934.5,
1241,1,4864933.0,
1242,1,4864933.0,
1243,1,4864933.0,
1244,1,4864933.0,
1245,1,4864932.5,
1246,1,4864932.5,
1247,1,4864933.0,
1248,1,4864933.0,
1249,1,4864933.0,
1250,1,4864930.5,
1251,1,4864932.0,
1252,1,4864932.0,
1253,1,4864932.0,
1254,1,4864931.5,
1255,1,4864929.5,
1256,1,4864929.0,
1257,1,4864930.0,
1258,1,4864929.5,
1259,1,4864930.0,
1260,1,4864930.0,
1261,1,4864929.0,
1262,1,4864929.5,
1263,1,4864929.5,
1264,1,4864929.5,
1265,1,4864929.5,
1266,1,4864929.5,
1267,1,4864929.5,
1268,1,4864929.5,
1269,1,4864928.0,
1270,1,4864927.5,
1271,1,4864927.0,
1272,1,4864926.5,
1273,1,4864926.0,
1274,1,4864926.5,
1275,1,4864926.0,
1276,1,4864925.0,
1277,1,4864926.0,
1278,1,4864927.5,
1279,1,4864927.0,
1280,1,4864926.0,
1281,1,4864925.5,
1282,1,4864927.5,
1283,1,4864932.0,
1284,1,4864934.0,
1285,1,4864932.5,
1286,1,4864935.5,
1287,1,4864935.0,
1288,1,4864935.0,
1289,1,4864936.5,
1290,1,4864936.5,
1291,1,4864936.5,
1292,1,4864937.0,
1293,1,4864936.5,
1294,1,4864933.5,
1295,1,4864933.0,
1296,1,4864935.0,
1297,1,4864933.5,
1298,1,4864934.5,
1299,1,4864921.0,
1300,1,4864934.0,
1301,1,4864919.0,
1302,1,4864932.0,
1303,1,4864932.5,
1304,1,4864932.5,
1305,1,4864932.5,
1306,1,4864929.5,
1307,1,4864932.5,
1308,1,4864928.5,
1309,1,4864933.0,
1310,1,4864934.0,
1311,1,4864934.5,
1312,1,4864933.0,
1313,1,4864933.5,
1314,1,4864931.5,
1315,1,4864936.0,
1316,1,4864935.0,
1317,1,4864935.0,
1318,1,4864934.5,
1319,1,4864933.0,
1320,1,4864935.0,
1321,1,4864934.0,
1322,1,4864935.5,
1323,1,4864934.5,
1324,1,4864935.0,
1325,1,4864935.0,
1326,1,4864934.0,
1327,1,4864937.0,
1328,1,4864937.0,
1329,1,4864934.5,
1330,1,4864941.0,
1331,1,4864934.5,
1332,1,4864931.5,
1333,1,4864934.5,
1334,1,4864933.5,
1335,1,4864933.5,
1336,1,4864938.5,
1337,1,4864937.0,
1338,1,4864938.0,
1339,1,4864932.0,
1340,1,4864932.0,
1341,1,4864933.0,
1342,1,4864933.5,
1343,1,4864934.0,
1344,1,4864931.5,
1345,1,4864930.5,
1346,1,4864930.5,
1347,1,4864932.5,
1348,1,4864933.0,
1349,1,4864933.0,
1350,1,4864932.0,
1351,1,4864930.0,
1352,1,4864931.5,
1353,1,4864932.0,
1354,1,4864932.0,
1355,1,4864928.0,
1356,1,4864931.5,
1357,1,4864929.5,
1358,1,4864932.0,
1359,1,4864930.0,
1360,1,4864928.0,
1361,1,4864930.5,
1362,1,4864933.0,
1363,1,4864932.5,
1364,1,4864932.0,
1365,1,4864932.0,
1366,1,4864930.5,
1367,1,4864931.5,
1368,1,4864932.0,
1369,1,4864931.5,
1370,2,4864953.0,
1371,2,4864962.0,
1372,2,4864962.0,
1373,2,4864962.0,
1374,2,4864962.0,
1375,2,4864962.0,
1376,2,4864962.0,
1377,2,4864962.0,
1378,2,4864962.0,
1379,2,4864962.0,
1380,2,4864922.5,
1381,2,4864930.0,
1382,1,4864943.0,
1383,1,4864943.0,
1384,1,4864943.0,
1385,1,4864943.0,
1386,1,4864956.5,
1387,1,4864957.5,
1388,1,4864957.5,
1389,1,4864950.0,
1390,1,4864950.0,
1391,1,4864953.0,
1392,1,4864965.0,
1393,1,4864969.5,
1394,1,4864956.5,
1395,1,4864956.5,
1396,1,4864955.5,
1397,2,4864954.5,
1398,1,4864965.5,
1399,2,4864942.5,
1400,2,4864942.5,
1401,2,4864942.5,
1402,2,4864942.5,
1403,2,4864942.5,
1404,2,4864948.5,
1405,2,4864940.5,
1406,2,4864940.5,
1407,2,4864940.5,
1408,2,4864942.5,
1409,2,4864942.5,
1410,2,4864930.5,
1411,2,4864928.0,
1412,2,4864927.5,
1413,2,4864928.0,
1414,2,4864927.5,
1415,2,4864927.5,
1416,2,4864942.5,
1417,2,4864942.5,
1418,2,4864942.0,
1419,2,4864942.0,
1420,2,4864949.0,
1421,2,4864949.5,
1422,2,4864949.5,
1423,2,4864950.0,
1424,2,4864952.0,
1425,2,4864951.5,
1426,2,4864952.0,
1427,2,4864943.0,
1428,2,4864942.5,
1429,2,4864943.0,
1430,2,4864935.0,
1431,1,4864934.5,
1432,1,4864934.5,
1433,1,4864932.5,
1434,1,4864932.5,
1435,1,4864932.5,
1436,1,4864932.5,
1437,1,4864932.5,
1438,1,4864932.5,
1439,1,4864932.5,
1440,1,4864944.5,
1441,1,4864944.5,
1442,1,4864944.5,
1443,1,4864944.5,
1444,1,4864944.5,
1445,1,4864944.5,
1446,1,4864944.5,
1447,1,4864943.5,
1448,1,4864944.0,
1449,1,4864972.5,
1450,2,4864973.5,
1451,1,4864971.5,
1452,2,4864974.5,
1453,2,4864985.0,
1454,2,4864984.0,
1455,2,4864983.0,
1456,1,4864983.0,
1457,1,4864983.0,
1458,1,4864981.5,
1459,1,4864974.0,
1460,1,4864981.0,
1461,1,4864973.5,
1462,1,4864973.5,
1463,1,4864973.5,
1464,1,4864973.5,
1465,1,4864995.0,
1466,1,4864995.0,
1467,1,4864994.0,
1468,1,4864995.0,
1469,1,4864993.5,
1470,1,4864985.0,
1471,1,4864985.0,
1472,1,4864985.5,
1473,1,4864985.5,
1474,1,4864993.5,
1475,1,4864984.5,
1476,1,4864975.5,
1477,1,4864973.5,
1478,1,4864976.0,
1479,1,4864975.0,
1480,1,4864997.5,
1481,1,4864993.0,
1482,1,4864996.5,
1483,1,4864997.0,
1484,1,4864990.5,
1485,1,4864992.5,
1486,1,4864992.0,
1487,1,4864996.5,
1488,1,4864994.5,
1489,1,4864993.5,
1490,1,4864989.5,
1491,1,4864990.5,
1492,1,4864986.5,
1493,1,4864988.5,
1494,1,4864989.5,
1495,1,4864987.5,
1496,1,4864987.5,
1497,1,4864989.0,
1498,1,4864984.0,
1499,1,4864994.0,
1500,1,4864982.0,
1501,1,4864986.0,
1502,1,4864983.5,
1503,1,4864991.0,
1504,1,4864994.5,
1505,1,4864991.5,
1506,1,4864994.5,
1507,1,4864993.0,
1508,1,4864991.0,
1509,1,4864995.5,
1510,1,4864993.0,
1511,1,4864997.5,
1512,1,4864997.5,
1513,1,4864997.0,
1514,1,4864997.5,
1515,1,4864992.0,
1516,1,4864992.0,
1517,1,4864992.0,
1518,1,4864997.5,
1519,1,4864991.5,
1520,1,4864984.0,
1521,1,4864988.5,
1522,1,4864989.0,
1523,1,4864989.0,
1524,1,4864980.0,
1525,1,4865010.0,
1526,1,4865011.0,
1527,1,4865009.0,
1528,1,4864983.0,
1529,1,4865011.0,
1530,1,4865010.0,
1531,1,4865014.5,
1532,1,4865015.5,
1533,1,4865013.5,
1534,1,4865017.0,
1535,1,4865012.0,
1536,1,4865015.0,
1537,1,4865019.0,
1538,1,4865016.5,
1539,1,4865008.0,
1540,1,4865007.5,
1541,1,4865014.0,
1542,1,4865016.0,
1543,1,4865016.0,
1544,1,4865012.0,
1545,1,4865015.0,
1546,1,4865011.5,
1547,1,4865011.5,
1548,1,4865006.5,
1549,1,4865012.0,
1550,1,4864981.5,
1551,1,4864979.5,
1552,1,4864982.0,
1553,1,4864982.0,
1554,1,4864978.0,
1555,1,4864977.5,
1556,1,4864977.5,
1557,1,4864978.5,
1558,1,4864982.0,
1559,1,4864978.5,
1560,1,4864977.5,
1561,1,4864977.5,
1562,1,4864977.5,
1563,1,4864977.5,
1564,1,4864978.0,
1565,1,4864977.5,
1566,1,4864976.5,
1567,1,4864976.0,
1568,1,4864976.0,
1569,1,4864976.0,
1570,1,4864984.5,
1571,1,4864984.5,
1572,1,4864981.5,
1573,1,4864984.0,
1574,1,4864987.5,
1575,1,4864990.0,
1576,1,4864983.0,
1577,1,4864990.0,
1578,1,4864989.5,
1579,1,4864989.0,
1580,1,4864990.5,
1581,1,4864991.0,
1582,1,4864991.5,
1583,1,4864991.0,
1584,1,4864991.0,
1585,1,4864991.5,
1586,1,4864991.5,
1587,1,4864990.0,
1588,1,4864992.5,
1589,1,4864983.5,
1590,1,4864979.5,
1591,1,4864982.0,
1592,1,4864982.5,
1593,1,4864982.0,
1594,1,4864982.0,
1595,1,4864978.5,
1596,1,4864978.5,
1597,1,4864978.5,
1598,1,4864977.5,
1599,1,4864976.0,
1600,1,4864976.0,
1601,1,4864976.5,
1602,1,4864982.0,
1603,1,4864982.0,
1604,1,4864988.0,
1605,1,4864988.0,
1606,1,4864994.5,
1607,1,4864994.5,
1608,1,4864994.5,
1609,1,4864995.5,
1610,1,4864995.0,
1611,1,4864995.0,
1612,1,4864995.0,
1613,1,4864995.0,
1614,1,4864995.0,
1615,1,4864995.0,
1616,1,4864995.0,
1617,1,4864994.0,
1618,1,4864994.0,
1619,1,4864903.0,
1620,1,4864899.5,
1621,1,4864928.5,
1622,1,4864927.0,
1623,1,4864914.0,
1624,1,4864924.5,
1625,1,4864930.5,
1626,1,4864927.5,
1627,1,4864953.0,
1628,1,4864928.0,
1629,1,4864929.0,
1630,1,4864930.0,
1631,1,4864927.5,
1632,1,4864929.5,
1633,1,4864929.5,
1634,1,4864924.0,
1635,1,4864925.5,
1636,1,4864925.0,
1637,1,4864937.0,
1638,1,4864938.0,
1639,1,4864901.0,
1640,1,4864897.5,
1641,1,4864938.0,
1642,2,4864972.5,
1643,1,4864943.5,
1644,2,4864909.5,
1645,2,4864941.5,
1646,2,4864917.5,
1647,2,4864941.0,
1648,2,4864965.0,
1649,2,4864920.5,
1650,2,4864947.5,
1651,0,4864961.5,
1652,1,4864979.0,
1653,2,4864919.5,
1654,0,4864960.5,
1655,1,4864923.0,
1656,1,4864932.5,
1657,1,4864918.5,
1658,1,4864978.0,
1659,1,4864992.0,
1660,1,4864993.5,
1661,1,4864968.0,
1662,1,4864990.0,
1663,1,4864985.0,
1664,1,4864981.0,
1665,1,4864981.5,
1666,1,4864997.0,
1667,1,4864998.0,
1668,1,4864988.0,
1669,1,4864979.5,
1670,1,4864985.0,
1671,1,4864997.0,
1672,1,4865016.0,
1673,1,4864989.0,
1674,1,4864991.5,
1675,1,4864994.0,
1676,1,4864976.5,
1677,1,4865013.0,
1678,1,4865003.0,
1679,1,4864982.5,
1680,1,4864996.0,
1681,1,4864988.5,
1682,1,4864989.0,
1683,1,4864981.5,
1684,1,4864981.5,
1685,1,4864982.5,
1686,1,4864997.0,
1687,1,4864972.0,
1688,1,4864975.5,
1689,1,4864970.5,
1690,1,4864963.0,
1691,1,4864970.5,
1692,1,4864974.0,
1693,1,4864956.5,
1694,1,4864985.5,
1695,1,4864992.0,
1696,1,4864995.0,
1697,1,4864989.0,
1698,1,4864989.0,
1699,1,4864959.5,
1700,1,4864964.5,
1701,1,4864974.0,
1702,1,4864973.5,
1703,1,4864989.5,
1704,1,4864959.0,
1705,1,4864967.5,
1706,1,4864964.5,
1707,1,4864989.0,
1708,1,4864968.0,
1709,1,4864975.5,
1710,1,4864971.5,
1711,1,4864971.5,
1712,1,4864977.5,
1713,1,4864965.5,
1714,1,4864978.0,
1715,1,4864985.0,
1716,1,4864982.0,
1717,1,4864984.5,
1718,1,4864977.5,
1719,1,4864976.0,
1720,1,4864981.5,
1721,1,4864983.0,
1722,1,4864978.0,
1723,1,4864980.5,
1724,1,4864977.5,
1725,1,4864981.5,
1726,1,4864977.5,
1727,1,4864979.0,
1728,1,4864985.5,
1729,1,4864980.5,
1730,1,4864990.5,
1731,1,4864989.5,
1732,1,4864985.0,
1733,1,4864978.5,
1734,1,4864981.0,
1735,1,4864981.0,
1736,1,4864978.5,
1737,1,4864976.5,
1738,1,4864976.5,
1739,1,4864977.0,
1740,1,4864980.5,
1741,1,4864975.0,
1742,1,4864976.0,
1743,1,4864984.5,
1744,1,4864987.0,
1745,1,4864979.0,
1746,1,4864977.0,
1747,1,4864978.5,
1748,1,4864980.5,
1749,1,4864980.0,
1750,1,4864979.0,
1751,1,4864978.5,
1752,1,4864979.5,
1753,1,4864981.5,
1754,1,4864979.0,
1755,1,4864979.5,
1756,1,4864980.5,
1757,1,4864980.0,
1758,1,4864979.5,
1759,1,4864981.5,
1760,1,4864982.0,
1761,1,4864979.5,
1762,1,4864979.5,
1763,1,4864980.5,
1764,1,4864981.0,
1765,1,4864984.0,
1766,1,4864979.5,
1767,1,4864979.5,
1768,1,4865001.0,
1769,1,4864987.0,
1770,1,4864983.5,
1771,1,4864992.0,
1772,1,4864993.0,
1773,1,4864982.0,
1774,1,4865002.5,
1775,0,4864945.0,
1776,2,4864948.0,
1777,1,4864925.5,
1778,1,4864956.5,
1779,1,4864929.0,
1780,1,4864928.5,
1781,1,4864929.0,
1782,1,4864930.5,
1783,1,4864931.0,
1784,1,4864933.0,
1785,1,4864928.5,
1786,1,4864924.5,
1787,1,4864922.0,
1788,1,4864924.0,
1789,1,4864948.5,
1790,1,4864924.0,
1791,1,4864926.5,
1792,2,4864924.5,
1793,1,4864921.5,
1794,1,4864925.0,
1795,1,4864929.5,
1796,1,4864922.5,
1797,1,4864932.5,
1798,1,4864923.5,
1799,1,4864931.5,
1800,1,4864934.5,
1801,1,4864925.5,
1802,1,4864936.5,
1803,1,4864934.0,
1804,1,4864922.5,
1805,1,4864936.0,
1806,1,4864928.0,
1807,1,4864928.5,
1808,1,4864927.0,
1809,1,4864929.5,
1810,1,4864924.5,
1811,1,4864931.0,
1812,1,4864925.5,
1813,1,4864924.5,
1814,1,4864927.5,
1815,1,4864927.5,
1816,1,4864929.0,
1817,1,4864935.0,
1818,1,4864936.5,
1819,1,4864927.5,
1820,1,4864922.0,
1821,1,4864928.0,
1822,1,4864935.5,
1823,1,4864932.0,
1824,1,4864933.5,
1825,1,4864930.5,
1826,1,4864932.0,
1827,1,4864936.0,
1828,1,4864932.5,
1829,1,4864923.5,
1830,1,4864930.5,
1831,1,4864928.5,
1832,1,4864929.5,
1833,1,4864933.5,
1834,1,4864935.5,
1835,1,4864932.5,
1836,1,4864933.5,
1837,1,4864932.0,
1838,1,4864931.5,
1839,1,4864937.0,
1840,1,4864931.0,
1841,1,4864934.0,
1842,1,4864932.0,
1843,1,4864931.0,
1844,1,4864934.5,
1845,1,4864931.5,
1846,1,4864932.0,
1847,1,4864930.5,
1848,1,4864931.5,
1849,1,4864929.0,
1850,1,4864933.5,
1851,1,4864933.0,
1852,1,4864929.5,
1853,1,4864933.5,
1854,1,4864926.0,
1855,1,4864937.5,
1856,1,4864934.0,
1857,1,4864934.5,
1858,1,4864933.5,
1859,1,4864940.5,
1860,1,4864940.0,
1861,1,4864943.0,
1862,1,4864934.5,
1863,1,4864940.5,
1864,1,4864932.5,
1865,1,4864935.5,
1866,1,4864937.5,
1867,1,4864936.0,
1868,1,4864934.0,
1869,1,4864936.0,
1870,1,4864936.0,
1871,1,4864937.5,
1872,1,4864936.0,
1873,1,4864935.5,
1874,1,4864939.5,
1875,1,4864936.5,
1876,1,4864941.0,
1877,1,4864922.0,
1878,1,4864928.5,
1879,1,4864933.5,
1880,1,4864933.5,
1881,1,4864933.0,
1882,1,4864931.5,
1883,1,4864937.0,
1884,1,4864934.0,
1885,1,4864935.0,
1886,1,4864934.5,
1887,1,4864930.0,
1888,1,4864934.0,
1889,1,4864928.0,
1890,1,4864929.0,
1891,1,4864931.5,
1892,1,4864930.5,
1893,1,4864930.0,
1894,1,4864928.0,
1895,1,4864930.5,
1896,1,4864930.0,
1897,1,4864930.5,
1898,1,4864930.0,
1899,1,4864928.5,
1900,1,4864929.0,
1901,1,4864929.5,
1902,1,4864931.0,
1903,1,4864929.0,
1904,1,4864929.0,
1905,1,4864931.5,
1906,1,4864936.0,
1907,1,4864936.0,
1908,1,4864927.5,
1909,1,4864933.0,
1910,1,4864926.5,
1911,1,4864927.5,
1912,1,4864929.0,
1913,1,4864927.0,
1914,1,4864926.0,
1915,1,4864927.0,
1916,1,4864933.0,
1917,1,4864932.5,
1918,1,4864930.0,
1919,1,4864929.5,
1920,1,4864931.0,
1921,1,4864927.5,
1922,1,4864935.5,
1923,1,4864936.0,
1924,1,4864936.0,
1925,1,4864935.5,
1926,1,4864948.0,
1927,1,4864970.0,
1928,1,4864960.5,
1929,1,4864962.5,
1930,1,4864941.5,
1931,1,4864943.0,
1932,1,4864942.5,
1933,1,4864940.5,
1934,1,4864956.0,
1935,1,4864951.0,
1936,1,4864951.0,
1937,1,4864935.0,
1938,1,4864935.0,
1939,1,4864957.0,
1940,1,4864939.5,
1941,1,4864935.0,
1942,1,4864950.5,
1943,1,4864943.5,
1944,1,4864943.0,
1945,1,4864943.0,
1946,1,4864941.5,
1947,1,4864944.5,
1948,1,4864935.0,
1949,1,4864937.0,
1950,1,4864935.0,
1951,1,4864951.5,
1952,1,4864934.0,
1953,1,4864924.5,
1954,1,4864930.5,
1955,1,4864931.0,
1956,1,4864927.5,
1957,1,4864934.0,
1958,1,4864931.5,
1959,1,4864952.5,
1960,1,4864953.0,
1961,1,4864943.0,
1962,1,4864929.0,
1963,1,4864931.0,
1964,1,4864940.0,
1965,1,4864939.0,
1966,1,4864952.5,
1967,1,4864940.0,
1968,1,4864940.0,
1969,1,4864943.5,
1970,1,4864933.0,
1971,1,4864945.0,
1972,1,4864966.5,
1973,1,4864945.5,
1974,1,4864942.5,
1975,1,4864940.0,
1976,1,4864960.0,
1977,1,4864980.5,
1978,1,4864959.0,
1979,1,4864947.0,
1980,1,4864970.0,
1981,1,4864970.5,
1982,1,4864964.5,
1983,1,4864958.5,
1984,1,4864980.0,
1985,1,4864969.0,
1986,1,4864958.0,
1987,1,4864955.5,
1988,2,4864967.0,
1989,1,4864983.0,
1990,1,4864976.5,
1991,1,4864972.0,
1992,2,4864978.0,
1993,2,4864964.5,
1994,1,4864956.5,
1995,2,4864986.0,
1996,1,4864960.5,
1997,2,4864955.0,
1998,1,4864965.5,
1999,1,4864953.5,
2000,1,4864941.5,
2001,1,4864940.0,
2002,1,4864942.0,
2003,1,4864942.0,
2004,1,4864939.0,
2005,1,4864961.5,
2006,1,4864938.5,
2007,1,4864938.5,
2008,1,4864961.0,
2009,1,4864961.0,
2010,1,4864961.5,
2011,1,4864961.5,
2012,1,4864963.5,
2013,1,4864960.0,
2014,1,4864973.0,
2015,1,4864964.5,
2016,1,4864973.5,
2017,1,4864961.0,
2018,1,4864957.5,
2019,1,4864939.0,
2020,1,4864967.5,
2021,1,4864965.0,
2022,1,4864971.0,
2023,1,4864959.0,
2024,1,4864968.5,
2025,1,4864970.0,
2026,1,4864975.0,
2027,1,4864981.0,
2028,1,4864966.5,
2029,1,4864965.0,
2030,1,4864969.0,
2031,1,4864970.5,
2032,1,4864967.0,
2033,1,4864963.0,
2034,1,4864957.5,
2035,1,4864984.5,
2036,1,4864981.0,
2037,1,4864972.0,
2038,1,4864963.0,
2039,1,4864963.5,
2040,1,4864965.0,
2041,1,4864971.0,
2042,1,4864972.0,
2043,1,4864974.0,
2044,1,4864973.5,
2045,1,4864976.0,
2046,1,4864978.0,
2047,1,4864980.5,
2048,1,4864980.5,
2049,1,4864981.5,
2050,1,4864980.5,
2051,1,4864979.5,
2052,1,4864969.5,
2053,1,4864968.0,
2054,1,4864974.0,
2055,1,4864976.5,
2056,1,4864983.0,
2057,1,4864978.5,
2058,1,4864970.0,
2059,1,4864983.0,
2060,1,4864984.5,
2061,1,4864973.5,
2062,1,4864977.5,
2063,1,4864967.0,
2064,1,4864976.5,
2065,1,4864978.5,
2066,1,4864982.0,
2067,1,4864970.0,
2068,1,4864977.5,
2069,1,4864979.0,
2070,1,4864980.5,
2071,1,4864977.0,
2072,1,4864979.5,
2073,1,4864977.5,
2074,1,4864986.5,
2075,1,4864973.5,
2076,1,4864977.0,
2077,1,4864971.0,
2078,1,4864966.5,
2079,1,4864973.0,
2080,1,4864960.5,
2081,1,4864960.0,
2082,1,4864972.5,
2083,1,4864972.0,
2084,1,4864979.5,
2085,1,4864980.0,
2086,1,4864984.5,
2087,1,4864979.0,
2088,1,4864980.0,
2089,1,4864997.0,
2090,2,4864922.5,
2091,2,4864922.5,
2092,2,4864922.5,
2093,2,4864922.5,
2094,2,4864922.5,
2095,2,4864922.5,
2096,2,4864922.5,
2097,2,4864922.5,
2098,2,4864922.5,
2099,2,4864923.5,
2100,2,4864922.5,
2101,2,4864922.5,
2102,2,4864922.5,
2103,2,4864922.5,
2104,2,4864922.5,
2105,2,4864922.5,
2106,2,4864903.0,
2107,2,4864908.5,
2108,1,4864927.0,
2109,1,4864927.0,
2110,1,4864927.0,
2111,1,4864938.0,
2112,1,4864938.0,
2113,1,4864938.0,
2114,2,4864919.5,
2115,2,4864919.5,
2116,2,4864919.0,
2117,2,4864919.0,
2118,2,4864919.0,
2119,2,4864919.0,
2120,2,4864919.0,
2121,2,4864918.5,
2122,2,4864918.0,
2123,2,4864918.0,
2124,2,4864918.0,
2125,2,4864918.0,
2126,2,4864918.5,
2127,2,4864918.5,
2128,2,4864906.5,
2129,2,4864906.0,
2130,2,4864918.5,
2131,2,4864918.5,
2132,2,4864919.0,
2133,2,4864919.0,
2134,2,4864919.0,
2135,2,4864919.0,
2136,2,4864919.0,
2137,2,4864919.0,
2138,2,4864919.0,
2139,2,4864919.0,
2140,2,4864919.0,
2141,2,4864919.0,
2142,2,4864923.5,
2143,2,4864923.5,
2144,2,4864923.5,
2145,2,4864923.5,
2146,2,4864929.0,
2147,2,4864929.0,
2148,2,4864929.0,
2149,2,4864929.0,
2150,2,4864929.0,
2151,2,4864929.0,
2152,2,4864929.0,
2153,2,4864931.5,
2154,2,4864931.5,
2155,2,4864942.0,
2156,2,4864942.0,
2157,2,4864942.0,
2158,2,4864940.0,
2159,2,4864940.0,
2160,2,4864938.0,
2161,2,4864938.5,
2162,2,4864937.0,
2163,2,4864915.5,
2164,2,4864919.0,
2165,2,4864915.5,
2166,2,4864928.5,
2167,2,4864928.5,
2168,1,4864936.5,
2169,1,4864936.5,
2170,1,4864936.5,
2171,1,4864960.0,
2172,1,4864967.5,
2173,1,4864999.0,
2174,1,4865011.5,
2175,2,4864935.5,
2176,1,4864897.5,
2177,1,4864896.5,
2178,1,4864895.5,
2179,1,4864906.0,
2180,1,4864901.0,
2181,1,4864903.0,
2182,1,4864902.5,
2183,1,4864884.5,
2184,1,4864908.5,
2185,1,4864903.0,
2186,1,4864903.5,
2187,1,4864903.0,
2188,1,4864887.0,
2189,1,4864911.0,
2190,1,4864899.5,
2191,1,4864898.5,
2192,1,4864903.5,
2193,1,4864911.5,
2194,1,4864905.5,
2195,1,4864903.5,
2196,1,4864910.0,
2197,1,4864908.5,
2198,1,4864905.5,
2199,1,4864901.5,
2200,1,4864908.0,
2201,1,4864910.0,
2202,1,4864902.0,
2203,1,4864902.5,
2204,1,4864893.5,
2205,1,4864898.5,
2206,1,4864910.0,
2207,1,4864904.5,
2208,1,4864909.5,
2209,1,4864908.5,
2210,1,4864909.5,
2211,1,4864907.0,
2212,1,4864906.0,
2213,1,4864905.5,
2214,1,4864914.0,
2215,1,4864906.0,
2216,1,4864906.5,
2217,1,4864905.5,
2218,1,4864905.0,
2219,1,4864909.0,
2220,1,4864909.5,
2221,1,4864909.5,
2222,1,4864914.5,
2223,1,4864904.0,
2224,1,4864909.0,
2225,1,4864909.0,
2226,1,4864905.0,
2227,1,4864906.0,
2228,1,4864910.0,
2229,1,4864907.0,
2230,1,4864907.5,
2231,1,4864910.0,
2232,1,4864906.5,
2233,1,4864909.5,
2234,1,4864914.0,
2235,1,4864912.0,
2236,1,4864915.5,
2237,1,4864906.5,
2238,1,4864920.5,
2239,1,4864907.0,
2240,1,4864918.5,
2241,1,4864916.5,
2242,1,4864913.0,
2243,1,4864912.5,
2244,1,4864912.5,
2245,1,4864909.5,
2246,1,4864913.0,
2247,1,4864906.0,
2248,1,4864918.0,
2249,1,4864916.5,
2250,1,4864917.0,
2251,1,4864910.5,
2252,1,4864908.5,
2253,1,4864910.0,
2254,1,4864898.0,
2255,1,4864898.0,
2256,1,4864906.0,
2257,1,4864909.5,
2258,1,4864906.5,
2259,1,4864902.5,
2260,1,4864908.5,
2261,1,4864904.5,
2262,1,4864906.0,
2263,1,4864910.5,
2264,1,4864910.0,
2265,1,4864900.5,
2266,1,4864916.5,
2267,1,4864910.5,
2268,1,4864911.5,
2269,1,4864911.5,
2270,1,4864912.5,
2271,1,4864915.0,
2272,1,4864915.0,
2273,1,4864915.0,
2274,1,4864916.5,
2275,1,4864915.0,
2276,1,4864921.0,
2277,1,4864907.5,
2278,1,4864907.0,
2279,1,4864905.0,
2280,1,4864904.5,
2281,1,4864912.5,
2282,1,4864911.0,
2283,1,4864899.5,
2284,1,4864909.0,
2285,1,4864912.5,
2286,1,4864907.0,
2287,1,4864901.5,
2288,1,4864910.0,
2289,1,4864908.5,
2290,1,4864927.5,
2291,1,4864907.5,
2292,1,4864904.5,
2293,1,4864907.5,
2294,1,4864919.0,
2295,1,4864914.5,
2296,1,4864914.5,
2297,1,4864908.0,
2298,1,4864904.5,
2299,1,4864903.0,
2300,1,4864904.5,
2301,1,4864904.0,
2302,1,4864903.5,
2303,1,4864902.5,
2304,1,4864902.5,
2305,1,4864902.5,
2306,1,4864903.0,
2307,1,4864917.0,
2308,1,4864913.0,
2309,1,4864916.5,
2310,1,4864908.0,
2311,1,4864904.5,
2312,1,4864910.0,
2313,1,4864912.0,
2314,1,4864908.5,
2315,1,4864905.5,
2316,1,4864903.5,
2317,1,4864915.0,
2318,1,4864906.5,
2319,1,4864916.0,
2320,1,4864905.5,
2321,1,4864922.0,
2322,1,4864908.5,
2323,1,4864925.5,
2324,1,4864927.0,
2325,1,4864923.0,
2326,1,4864918.5,
2327,1,4864908.0,
2328,1,4864918.5,
2329,1,4864918.0,
2330,1,4864911.0,
2331,1,4864917.0,
2332,1,4864917.5,
2333,1,4864917.5,
2334,1,4864917.0,
2335,1,4864917.0,
2336,1,4864911.5,
2337,1,4864911.0,
2338,1,4864896.0,
2339,1,4864935.0,
2340,1,4864938.0,
2341,1,4864917.0,
2342,1,4864916.0,
2343,1,4864916.0,
2344,1,4864916.5,
2345,1,4864917.0,
2346,1,4864916.0,
2347,1,4864916.5,
2348,1,4864913.0,
2349,1,4864914.5,
2350,1,4864915.5,
2351,1,4864919.0,
2352,1,4864915.0,
2353,1,4864921.5,
2354,1,4864912.5,
2355,1,4864907.5,
2356,1,4864916.5,
2357,1,4864919.5,
2358,1,4864906.5,
2359,1,4864912.5,
2360,1,4864913.5,
2361,1,4864913.5,
2362,1,4864913.5,
2363,1,4864917.5,
2364,1,4864913.5,
2365,1,4864915.5,
2366,1,4864919.5,
2367,1,4864919.5,
2368,1,4864919.0,
2369,1,4864920.5,
2370,1,4864912.5,
2371,1,4864914.0,
2372,1,4864918.0,
2373,1,4864919.0,
2374,1,4864918.5,
2375,1,4864908.0,
2376,1,4864912.5,
2377,1,4864916.0,
2378,1,4864905.0,
2379,1,4864911.0,
2380,1,4864914.0,
2381,1,4864925.0,
2382,1,4864903.5,
2383,1,4864909.5,
2384,1,4864914.5,
2385,1,4864915.5,
2386,1,4864919.5,
2387,1,4864922.5,
2388,1,4864922.5,
2389,1,4864921.5,
2390,1,4864921.5,
2391,1,4864922.0,
2392,1,4864920.0,
2393,1,4864919.5,
2394,1,4864919.5,
2395,1,4864922.0,
2396,1,4864919.5,
2397,1,4864927.0,
2398,1,4864925.0,
2399,1,4864925.0,
2400,1,4864921.5,
2401,1,4864923.0,
2402,1,4864928.0,
2403,1,4864926.0,
2404,1,4864923.0,
2405,1,4864922.0,
2406,1,4864921.5,
2407,1,4864927.5,
2408,1,4864914.0,
2409,1,4864928.0,
2410,1,4864923.5,
2411,1,4864931.0,
2412,1,4864923.5,
2413,1,4864929.5,
2414,1,4864931.5,
2415,1,4864920.0,
2416,1,4864920.0,
2417,1,4864915.5,
2418,1,4864926.5,
2419,1,4864921.5,
2420,1,4864930.0,
2421,1,4864928.0,
2422,1,4864923.0,
2423,1,4864930.5,
2424,1,4864926.5,
2425,1,4864926.0,
2426,1,4864926.0,
2427,1,4864927.0,
2428,1,4864927.5,
2429,1,4864921.0,
2430,1,4864928.0,
2431,1,4864926.5,
2432,1,4864924.0,
2433,1,4864925.5,
2434,1,4864927.0,
2435,1,4864923.5,
2436,1,4864925.5,
2437,1,4864926.5,
2438,1,4864924.5,
2439,1,4864925.5,
2440,1,4864926.5,
2441,1,4864925.0,
2442,1,4864924.5,
2443,1,4864926.5,
2444,1,4864925.5,
2445,1,4864920.0,
2446,1,4864931.0,
2447,1,4864928.0,
2448,1,4864932.0,
2449,1,4864930.0,
2450,1,4864931.0,
2451,1,4864930.5,
2452,1,4864934.5,
2453,1,4864930.0,
2454,1,4864933.0,
2455,1,4864932.5,
2456,1,4864932.5,
2457,1,4864932.5,
2458,1,4864934.0,
2459,1,4864934.0,
2460,1,4864930.0,
2461,1,4864934.0,
2462,1,4864932.0,
2463,1,4864925.5,
2464,1,4864934.5,
2465,1,4864922.0,
2466,1,4864933.5,
2467,1,4864931.0,
2468,1,4864931.0,
2469,1,4864934.0,
2470,1,4864934.5,
2471,1,4864933.5,
2472,1,4864934.0,
2473,1,4864926.5,
2474,1,4864933.5,
2475,1,4864928.5,
2476,1,4864935.5,
2477,1,4864937.0,
2478,1,4864923.5,
2479,1,4864930.0,
2480,1,4864932.0,
2481,1,4864938.5,
2482,1,4864937.0,
2483,1,4864933.0,
2484,1,4864934.0,
2485,1,4864935.0,
2486,1,4864937.0,
2487,1,4864930.0,
2488,1,4864931.0,
2489,1,4864933.5,
2490,1,4864930.5,
2491,1,4864932.0,
2492,1,4864930.5,
2493,1,4864930.5,
2494,1,4864935.0,
2495,1,4864936.0,
2496,1,4864934.0,
2497,1,4864935.0,
2498,1,4864928.5,
2499,1,4864925.5,
2500,1,4864935.5,
2501,1,4864935.0,
2502,1,4864936.0,
2503,1,4864937.5,
2504,1,4864937.5,
2505,1,4864947.0,
2506,1,4864934.5,
2507,1,4864932.5,
2508,1,4864933.0,
2509,1,4864934.0,
2510,1,4864932.5,
2511,1,4864933.0,
2512,1,4864933.0,
2513,1,4864933.0,
2514,1,4864933.0,
2515,1,4864933.0,
2516,1,4864933.0,
2517,1,4864955.0,
2518,1,4864959.5,
2519,1,4864960.0,
2520,1,4864952.0,
2521,1,4864961.0,
2522,1,4864960.0,
2523,1,4864960.5,
2524,1,4864937.0,
2525,1,4864952.0,
2526,1,4864959.5,
2527,1,4864948.5,
2528,1,4864934.5,
2529,1,4864940.0,
2530,1,4864948.0,
2531,1,4864958.5,
2532,1,4864938.5,
2533,1,4864935.5,
2534,1,4864950.5,
2535,1,4864936.0,
2536,1,4864928.5,
2537,1,4864931.0,
2538,1,4864929.5,
2539,1,4864931.5,
2540,1,4864930.5,
2541,1,4864930.0,
2542,1,4864934.0,
2543,1,4864926.5,
2544,1,4864932.0,
2545,1,4864923.0,
2546,1,4864931.5,
2547,1,4864930.0,
2548,1,4864931.0,
2549,1,4864936.0,
2550,1,4864953.0,
2551,1,4864929.5,
2552,1,4864931.0,
2553,1,4864922.5,
2554,1,4864932.5,
2555,1,4864929.5,
2556,1,4864931.0,
2557,1,4864927.5,
2558,1,4864932.5,
2559,1,4864932.5,
2560,1,4864934.5,
2561,1,4864955.5,
2562,1,4864932.0,
2563,1,4864927.0,
2564,1,4864933.5,
2565,1,4864927.0,
2566,1,4864930.5,
2567,1,4864934.0,
2568,1,4864935.0,
2569,1,4864935.5,
2570,1,4864934.5,
2571,1,4864938.0,
2572,1,4864930.0,
2573,1,4864930.5,
2574,1,4864927.5,
2575,1,4864930.0,
2576,1,4864931.0,
2577,1,4864932.0,
2578,1,4864937.5,
2579,1,4864934.0,
2580,1,4864929.5,
2581,1,4864929.5,
2582,1,4864928.0,
2583,1,4864927.5,
2584,1,4864929.5,
2585,1,4864929.0,
2586,1,4864929.0,
2587,1,4864926.0,
2588,1,4864929.0,
2589,1,4864926.5,
2590,1,4864936.0,
2591,1,4864926.5,
2592,1,4864927.0,
2593,1,4864929.5,
2594,1,4864930.5,
2595,1,4864928.0,
2596,1,4864924.5,
2597,1,4864930.0,
2598,1,4864924.0,
2599,1,4864924.0,
2600,1,4864931.5,
2601,1,4864927.0,
2602,1,4864928.0,
2603,1,4864929.5,
2604,1,4864929.5,
2605,1,4864922.0,
2606,1,4864925.5,
2607,1,4864929.5,
2608,1,4864930.5,
2609,1,4864930.5,
2610,1,4864932.0,
2611,1,4864929.5,
2612,1,4864926.0,
2613,1,4864926.5,
2614,1,4864926.0,
2615,1,4864925.5,
2616,1,4864922.5,
2617,1,4864927.0,
2618,1,4864928.5,
2619,1,4864927.5,
2620,1,4864932.0,
2621,1,4864929.5,
2622,1,4864927.0,
2623,1,4864929.0,
2624,1,4864921.5,
2625,1,4864929.0,
2626,1,4864936.5,
2627,1,4864928.5,
2628,1,4864929.5,
2629,1,4864935.5,
2630,1,4864925.0,
2631,1,4864934.5,
2632,1,4864928.5,
2633,1,4864926.5,
2634,1,4864939.5,
2635,1,4864937.0,
2636,1,4864933.5,
2637,1,4864931.5,
2638,1,4864937.5,
2639,1,4864934.5,
2640,1,4864938.5,
2641,1,4864940.0,
2642,1,4864926.5,
2643,1,4864932.0,
2644,1,4864932.5,
2645,1,4864932.5,
2646,1,4864948.5,
2647,1,4864935.5,
2648,1,4864934.5,
2649,1,4864949.5,
2650,1,4864936.5,
2651,1,4864932.0,
2652,1,4864931.5,
2653,1,4864931.5,
2654,1,4864929.0,
2655,1,4864930.0,
2656,1,4864928.0,
2657,1,4864930.0,
2658,1,4864928.0,
2659,1,4864924.0,
2660,1,4864927.5,
2661,1,4864926.0,
2662,1,4864933.0,
2663,1,4864922.5,
2664,1,4864932.5,
2665,1,4864924.0,
2666,1,4864926.0,
2667,1,4864931.5,
2668,1,4864923.5,
2669,1,4864929.0,
2670,1,4864938.5,
2671,1,4864933.0,
2672,1,4864930.5,
2673,1,4864934.5,
2674,1,4864936.5,
2675,1,4864945.0,
2676,1,4864948.5,
2677,1,4864920.5,
2678,1,4864923.5,
2679,1,4864924.0,
2680,1,4864926.5,
2681,1,4864923.5,
2682,1,4864923.5,
2683,1,4864926.5,
2684,1,4864930.0,
2685,1,4864931.0,
2686,1,4864929.0,
2687,1,4864931.0,
2688,1,4864925.0,
2689,1,4864926.0,
2690,1,4864930.5,
2691,1,4864935.0,
2692,1,4864938.0,
2693,1,4864933.0,
2694,1,4864935.5,
2695,1,4864940.0,
2696,1,4864931.0,
2697,1,4864939.5,
2698,1,4864935.5,
2699,1,4864934.5,
2700,1,4864936.0,
2701,1,4864936.0,
2702,1,4864934.5,
2703,1,4864937.0,
2704,1,4864938.5,
2705,1,4864935.0,
2706,1,4864930.5,
2707,1,4864936.0,
2708,1,4864929.0,
2709,1,4864932.0,
2710,1,4864926.0,
2711,1,4864927.0,
2712,1,4864928.0,
2713,1,4864928.0,
2714,1,4864928.5,
2715,1,4864922.5,
2716,1,4864930.0,
2717,1,4864929.5,
2718,1,4864931.0,
2719,1,4864931.5,
2720,1,4864930.5,
2721,1,4864926.5,
2722,1,4864926.5,
2723,1,4864920.0,
2724,1,4864924.5,
2725,1,4864926.0,
2726,1,4864926.5,
2727,1,4864934.0,
2728,1,4864932.5,
2729,1,4864927.5,
2730,1,4864935.5,
2731,1,4864915.5,
2732,1,4864917.5,
2733,1,4864928.0,
2734,1,4864929.0,
2735,1,4864928.5,
2736,1,4864927.5,
2737,1,4864927.5,
2738,1,4864929.0,
2739,1,4864927.5,
2740,1,4864928.0,
2741,1,4864927.5,
2742,1,4864920.5,
2743,1,4864927.5,
2744,1,4864918.0,
2745,1,4864928.0,
2746,1,4864927.5,
2747,1,4864928.0,
2748,1,4864931.5,
2749,1,4864929.5,
2750,1,4864923.0,
2751,1,4864931.0,
2752,1,4864929.0,
2753,1,4864922.5,
2754,1,4864930.5,
2755,1,4864918.0,
2756,1,4864927.5,
2757,1,4864929.5,
2758,1,4864926.5,
2759,1,4864919.5,
2760,1,4864925.5,
2761,1,4864927.0,
2762,1,4864927.0,
2763,1,4864929.0,
2764,1,4864929.0,
2765,1,4864928.5,
2766,1,4864928.0,
2767,1,4864930.5,
2768,1,4864929.0,
2769,1,4864930.0,
2770,1,4864928.0,
2771,1,4864927.5,
2772,1,4864931.5,
2773,1,4864916.0,
2774,1,4864927.5,
2775,1,4864927.0,
2776,1,4864927.5,
2777,1,4864929.0,
2778,1,4864929.0,
2779,1,4864927.5,
2780,1,4864911.0,
2781,1,4864925.0,
2782,1,4864927.5,
2783,1,4864930.5,
2784,1,4864925.5,
2785,1,4864928.5,
2786,1,4864931.0,
2787,1,4864928.5,
2788,1,4864924.0,
2789,1,4864922.0,
2790,1,4864927.0,
2791,1,4864928.0,
2792,1,4864926.0,
2793,1,4864932.5,
2794,1,4864924.0,
2795,1,4864930.5,
2796,1,4864927.5,
2797,1,4864931.0,
2798,1,4864927.0,
2799,1,4864930.0,
2800,1,4864928.0,
2801,1,4864927.5,
2802,1,4864932.0,
2803,1,4864937.0,
2804,1,4864919.5,
2805,1,4864932.5,
2806,1,4864929.0,
2807,1,4864938.0,
2808,1,4864962.0,
2809,1,4864956.0,
2810,1,4864925.5,
2811,1,4864928.0,
2812,1,4864938.0,
2813,1,4864930.5,
2814,2,4864910.5,
2815,2,4864910.5,
2816,2,4864926.0,
2817,2,4864938.5,
2818,1,4864943.5,
2819,1,4864940.5,
2820,2,4864938.5,
2821,1,4864945.5,
2822,2,4864942.5,
2823,2,4864940.0,
2824,2,4864963.0,
2825,1,4864931.0,
2826,2,4864947.0,
2827,2,4864942.5,
2828,2,4864951.5,
2829,2,4864961.0,
2830,1,4864972.5,
2831,2,4864958.5,
2832,2,4864948.5,
2833,2,4864955.0,
2834,1,4864954.0,
2835,1,4864970.0,
2836,2,4864955.0,
2837,1,4864943.5,
2838,1,4864958.5,
2839,1,4864974.0,
2840,1,4864963.5,
2841,1,4864965.5,
2842,1,4864971.5,
2843,2,4864945.5,
2844,1,4864900.0,
2845,2,4864900.5,
2846,1,4864899.5,
2847,2,4864910.5,
2848,2,4864910.0,
2849,0,4864957.0,
2850,2,4864913.5,
2851,2,4864940.0,
2852,2,4864940.0,
2853,0,4864955.0,
2854,0,4864940.5,
2855,0,4864958.0,
2856,0,4864949.0,
2857,1,4864971.5,
2858,2,4864967.0,
2859,2,4864900.5,
2860,1,4864955.5,
2861,1,4864946.5,
2862,1,4864927.5,
2863,1,4864936.0,
2864,1,4864943.0,
2865,1,4864960.0,
2866,1,4864957.0,
2867,1,4864961.5,
2868,1,4864966.5,
2869,1,4864968.0,
2870,1,4864967.5,
2871,1,4864963.5,
2872,1,4864975.0,
2873,1,4864975.5,
2874,1,4864983.5,
2875,1,4864983.5,
2876,1,4864977.5,
2877,1,4864977.5,
2878,1,4864977.5,
2879,1,4864977.5,
2880,1,4864967.5,
2881,1,4864966.5,
2882,1,4864966.5,
2883,1,4864966.0,
2884,1,4864984.5,
2885,1,4864981.0,
2886,1,4864970.5,
2887,1,4864979.0,
2888,1,4864976.0,
2889,1,4864980.5,
2890,1,4864980.5,
2891,1,4864979.5,
2892,1,4865001.0,
2893,1,4864979.5,
2894,1,4864982.0,
2895,1,4864982.5,
2896,1,4865000.0,
2897,1,4864981.5,
2898,1,4865014.5,
2899,1,4864998.5,
2900,1,4865013.5,
2901,1,4865007.0,
2902,1,4865006.5,
2903,1,4865011.5,
2904,1,4865008.0,
2905,1,4865002.0,
2906,1,4865011.5,
2907,1,4865010.0,
2908,1,4865014.5,
2909,1,4864999.0,
2910,1,4865003.0,
2911,1,4865019.5,
2912,1,4864984.0,
2913,1,4864990.0,
2914,1,4865014.5,
2915,1,4864990.0,
2916,1,4865009.5,
2917,1,4864988.0,
2918,1,4864988.0,
2919,1,4864990.0,
2920,1,4864990.0,
2921,1,4864987.5,
2922,1,4864987.5,
2923,1,4865008.5,
2924,1,4865003.5,
2925,1,4865012.0,
2926,1,4865006.5,
2927,1,4865007.0,
2928,1,4864997.0,
2929,1,4865002.0,
2930,1,4865008.5,
2931,1,4865005.0,
2932,1,4865009.5,
2933,1,4864988.0,
2934,1,4865016.0,
2935,1,4865008.5,
2936,1,4865011.0,
2937,1,4864998.0,
2938,1,4865006.0,
2939,1,4865002.5,
2940,1,4865011.0,
2941,1,4865007.0,
2942,1,4864998.5,
2943,1,4864990.5,
2944,1,4864996.5,
2945,1,4864996.5,
2946,1,4865005.0,
2947,1,4864997.5,
2948,1,4864988.5,
2949,1,4864989.0,
2950,1,4864988.5,
2951,1,4864984.0,
2952,1,4864983.0,
2953,1,4864996.5,
2954,1,4865005.5,
2955,1,4864996.5,
2956,1,4865005.5,
2957,1,4864995.5,
2958,1,4865007.0,
2959,1,4865004.5,
2960,1,4864997.5,
2961,1,4865007.0,
2962,1,4864997.0,
2963,1,4865002.5,
2964,1,4864998.5,
2965,1,4864997.5,
2966,1,4864998.0,
2967,1,4865007.5,
2968,1,4865001.5,
2969,1,4864997.0,
2970,1,4865004.5,
2971,1,4865001.0,
2972,1,4865012.5,
2973,1,4865012.5,
2974,1,4865011.5,
2975,1,4864997.5,
2976,1,4865011.5,
2977,1,4865011.5,
2978,1,4865012.5,
2979,1,4865006.0,
2980,1,4865011.0,
2981,1,4865007.5,
2982,1,4865003.0,
2983,1,4865002.0,
2984,1,4865002.5,
2985,1,4865008.0,
2986,1,4865009.5,
2987,1,4865010.5,
2988,1,4865010.5,
2989,1,4865015.0,
2990,1,4865010.5,
2991,1,4865019.0,
2992,1,4865012.0,
2993,1,4865011.5,
2994,1,4865009.0,
2995,1,4865003.5,
2996,1,4865006.0,
2997,1,4865009.0,
2998,1,4865004.0,
2999,1,4865004.0,
3000,1,4864985.0,
3001,1,4864984.5,
3002,1,4864983.5,
3003,1,4864990.0,
3004,1,4864983.5,
3005,1,4864985.0,
3006,1,4864990.0,
3007,1,4864990.5,
3008,1,4864985.0,
3009,1,4864984.0,
3010,1,4864983.5,
3011,1,4864984.5,
3012,1,4864978.0,
3013,1,4864980.5,
3014,1,4864983.0,
3015,1,4864980.0,
3016,1,4864982.5,
3017,1,4864981.5,
3018,1,4864979.0,
3019,1,4864983.0,
3020,1,4864986.5,
3021,1,4864976.5,
3022,1,4864986.0,
3023,1,4864986.0,
3024,1,4864984.5,
3025,1,4864983.0,
3026,1,4864982.5,
3027,1,4864990.0,
3028,1,4864973.5,
3029,1,4864982.5,
3030,1,4864982.5,
3031,1,4864981.5,
3032,1,4864986.0,
3033,1,4864983.5,
3034,1,4864980.5,
3035,1,4864981.5,
3036,1,4864981.5,
3037,1,4864981.5,
3038,1,4864986.0,
3039,1,4864976.0,
3040,1,4864986.5,
3041,1,4864983.5,
3042,1,4864992.5,
3043,1,4864983.5,
3044,1,4864986.5,
3045,1,4864983.5,
3046,1,4864986.0,
3047,1,4864989.5,
3048,1,4864981.0,
3049,1,4864987.5,
3050,1,4864988.0,
3051,1,4864986.5,
3052,1,4864986.0,
3053,1,4864987.5,
3054,1,4864985.5,
3055,1,4864988.0,
3056,1,4864989.0,
3057,1,4864983.0,
3058,1,4864980.0,
3059,1,4864980.0,
3060,1,4864980.0,
3061,1,4864981.0,
3062,1,4864979.0,
3063,1,4864982.5,
3064,1,4864991.0,
3065,1,4864973.0,
3066,1,4864981.0,
3067,1,4864962.5,
3068,1,4864975.0,
3069,1,4864963.5,
3070,1,4864973.5,
3071,1,4864973.0,
3072,1,4864972.0,
3073,1,4864979.0,
3074,1,4864963.0,
3075,1,4864969.0,
3076,1,4864986.0,
3077,1,4864976.0,
3078,1,4864980.0,
3079,1,4864982.5,
3080,1,4864984.0,
3081,1,4864980.0,
3082,1,4864969.0,
3083,1,4864989.0,
3084,1,4864962.5,
3085,1,4864986.5,
3086,1,4864986.0,
3087,1,4864981.0,
3088,1,4864986.5,
3089,1,4864980.5,
3090,1,4864981.5,
3091,1,4864969.5,
3092,1,4864983.0,
3093,1,4864969.5,
3094,1,4864970.5,
3095,1,4864971.0,
3096,1,4864971.0,
3097,1,4864975.0,
3098,1,4864981.5,
3099,1,4864977.0,
3100,1,4864966.0,
3101,1,4864979.5,
3102,1,4864969.5,
3103,1,4864968.5,
3104,1,4864962.0,
3105,1,4864979.5,
3106,1,4864966.0,
3107,1,4864986.5,
3108,1,4864977.5,
3109,1,4864979.5,
3110,1,4864974.0,
3111,1,4864974.0,
3112,1,4864974.0,
3113,1,4864982.5,
3114,1,4864976.5,
3115,1,4864981.0,
3116,1,4864972.5,
3117,1,4864962.5,
3118,1,4864973.0,
3119,1,4864978.5,
3120,1,4864977.5,
3121,1,4864971.5,
3122,1,4864973.0,
3123,1,4864973.5,
3124,1,4864979.5,
3125,1,4864983.5,
3126,1,4864982.0,
3127,1,4864992.5,
3128,1,4864990.0,
3129,1,4864990.0,
3130,1,4864986.0,
3131,1,4864985.0,
3132,1,4864979.5,
3133,1,4864979.0,
3134,1,4864990.0,
3135,1,4864987.0,
3136,1,4864979.5,
3137,1,4864979.5,
3138,1,4864982.5,
3139,1,4864979.5,
3140,1,4864973.5,
3141,1,4864978.5,
3142,1,4864977.5,
3143,1,4864983.0,
3144,1,4864982.5,
3145,1,4864985.0,
3146,1,4864976.5,
3147,1,4864983.0,
3148,1,4864979.5,
3149,1,4864977.0,
3150,1,4864983.0,
3151,1,4864969.5,
3152,1,4864982.0,
3153,1,4864987.5,
3154,1,4864986.5,
3155,1,4864986.5,
3156,1,4864987.5,
3157,1,4864987.5,
3158,1,4864982.5,
3159,1,4864987.5,
3160,1,4864978.0,
3161,1,4864987.5,
3162,1,4864976.5,
3163,1,4864987.0,
3164,1,4864996.5,
3165,1,4864963.5,
3166,1,4864989.0,
3167,1,4864980.5,
3168,1,4864986.0,
3169,1,4864967.5,
3170,1,4864989.5,
3171,1,4864984.0,
3172,1,4864984.0,
3173,1,4864984.5,
3174,1,4864983.5,
3175,1,4864973.0,
3176,1,4864983.5,
3177,1,4864989.0,
3178,1,4864983.5,
3179,1,4864982.0,
3180,1,4864984.5,
3181,1,4864978.5,
3182,1,4864976.5,
3183,1,4864975.5,
3184,1,4864981.0,
3185,1,4864976.5,
3186,1,4864981.0,
3187,1,4864978.5,
3188,1,4864975.0,
3189,1,4864976.5,
3190,1,4864976.0,
3191,1,4864976.0,
3192,1,4864960.5,
3193,1,4864986.0,
3194,1,4864986.0,
3195,1,4864986.0,
3196,1,4864985.0,
3197,1,4864985.0,
3198,1,4864985.0,
3199,1,4864977.5,
3200,1,4864978.0,
3201,1,4864977.0,
3202,1,4864989.5,
3203,1,4864980.0,
3204,1,4864980.0,
3205,1,4864979.5,
3206,1,4864986.0,
3207,1,4864980.0,
3208,1,4864979.0,
3209,1,4864984.5,
3210,1,4864988.5,
3211,1,4864987.5,
3212,1,4864987.0,
3213,1,4864987.0,
3214,1,4864979.0,
3215,1,4864986.5,
3216,1,4864984.5,
3217,1,4864984.5,
3218,1,4864983.5,
3219,1,4864984.5,
3220,1,4864979.5,
3221,1,4864984.5,
3222,1,4864979.5,
3223,1,4864978.0,
3224,1,4864984.0,
3225,1,4864944.5,
3226,1,4864977.5,
3227,1,4864979.5,
3228,1,4864979.5,
3229,1,4864980.5,
3230,1,4864982.0,
3231,1,4864979.0,
3232,1,4864971.0,
3233,1,4864983.5,
3234,1,4864983.0,
3235,1,4864980.5,
3236,1,4864981.0,
3237,1,4864978.0,
3238,1,4864944.0,
3239,1,4864984.5,
3240,1,4864971.0,
3241,1,4864984.5,
3242,1,4864942.0,
3243,1,4864981.0,
3244,1,4864982.5,
3245,1,4864984.5,
3246,1,4864982.5,
3247,1,4864980.0,
3248,1,4864984.0,
3249,1,4864983.5,
3250,1,4864980.5,
3251,1,4864977.5,
3252,1,4864984.5,
3253,1,4864984.5,
3254,1,4864984.5,
3255,1,4864984.5,
3256,1,4864984.5,
3257,1,4864980.5,
3258,1,4864977.5,
3259,1,4864981.0,
3260,1,4864984.0,
3261,1,4864985.0,
3262,1,4864980.5,
3263,1,4864984.5,
3264,1,4864982.5,
3265,1,4864980.0,
3266,1,4864983.5,
3267,1,4864982.5,
3268,1,4864984.5,
3269,1,4864984.0,
3270,1,4864980.5,
3271,1,4864992.5,
3272,1,4865003.0,
3273,1,4864974.0,
3274,1,4864987.5,
3275,1,4864980.0,
3276,1,4864993.5,
3277,1,4864979.5,
3278,1,4864987.5,
3279,1,4864989.0,
3280,1,4864986.5,
3281,1,4864984.5,
3282,1,4864979.5,
3283,1,4865011.5,
3284,1,4865011.5,
3285,1,4865011.5,
3286,1,4864993.5,
3287,1,4864982.0,
3288,1,4865004.5,
3289,1,4864983.0,
3290,1,4864983.0,
3291,1,4864986.5,
3292,1,4865000.5,
3293,1,4864996.5,
3294,1,4864997.5,
3295,1,4864996.5,
3296,1,4864996.5,
3297,1,4864997.5,
3298,1,4864981.0,
3299,1,4865002.0,
3300,1,4864997.5,
3301,1,4864982.5,
3302,1,4864981.5,
3303,1,4865002.5,
3304,1,4864996.5,
3305,1,4864984.5,
3306,1,4864980.5,
3307,1,4864978.0,
3308,1,4864996.5,
3309,1,4864980.0,
3310,1,4864980.0,
3311,1,4864983.5,
3312,1,4864984.5,
3313,1,4864997.0,
3314,1,4864997.0,
3315,1,4864981.0,
3316,1,4864984.0,
3317,2,4864947.5,
3318,0,4864970.5,
3319,2,4864963.5,
3320,2,4864948.0,
3321,2,4864941.0,
3322,2,4864942.5,
3323,2,4864953.5,
3324,0,4864949.5,
3325,0,4864951.0,
3326,0,4864945.5,
3327,2,4864951.0,
3328,0,4864956.5,
3329,0,4864941.5,
3330,2,4864939.5,
3331,0,4864949.0,
3332,2,4864953.0,
3333,2,4864953.0,
3334,2,4864948.5,
3335,2,4864949.0,
3336,2,4864943.0,
3337,2,4864948.0,
3338,2,4864950.0,
3339,0,4864952.0,
3340,2,4864950.0,
3341,2,4864947.0,
3342,2,4864952.5,
3343,2,4864949.0,
3344,0,4864954.0,
3345,2,4864942.5,
3346,2,4864953.5,
3347,2,4864977.5,
3348,2,4864954.0,
3349,2,4864944.0,
3350,2,4864944.5,
3351,0,4864954.0,
3352,0,4864952.0,
3353,2,4864946.5,
3354,2,4864948.0,
3355,2,4864939.0,
3356,2,4864950.5,
3357,2,4864953.0,
3358,2,4864943.5,
3359,0,4864951.5,
3360,2,4864957.0,
3361,2,4864957.0,
3362,2,4864968.0,
3363,2,4864974.5,
3364,2,4864942.0,
3365,2,4864949.0,
3366,0,4864971.0,
3367,0,4864965.0,
3368,0,4864971.0,
3369,0,4864972.0,
3370,0,4864965.5,
3371,0,4864949.0,
3372,0,4864971.5,
3373,0,4864969.5,
3374,2,4864956.5,
3375,2,4864952.5,
3376,2,4864955.5,
3377,2,4864949.5,
3378,2,4864949.0,
3379,2,4864955.5,
3380,2,4864958.5,
3381,1,4864962.5,
3382,0,4864971.5,
3383,0,4864948.5,
3384,2,4864957.5,
3385,2,4864954.0,
3386,2,4864957.0,
3387,2,4864966.0,
3388,2,4864962.0,
3389,0,4864960.0,
3390,2,4864941.0,
3391,2,4864941.0,
3392,2,4864940.0,
3393,2,4864940.5,
3394,2,4864942.0,
3395,2,4864950.5,
3396,2,4864938.0,
3397,0,4864940.0,
3398,2,4864941.5,
3399,2,4864936.0,
3400,2,4864950.5,
3401,2,4864956.5,
3402,0,4864966.0,
3403,0,4864958.5,
3404,0,4864971.0,
3405,2,4864935.0,
3406,2,4864947.0,
3407,2,4864948.0,
3408,2,4864939.0,
3409,0,4864966.0,
3410,0,4864964.0,
3411,0,4864945.5,
3412,2,4864943.5,
3413,2,4864959.0,
3414,2,4864965.5,
3415,2,4864952.5,
3416,2,4864951.5,
3417,2,4864938.0,
3418,2,4864936.0,
3419,2,4864953.5,
3420,2,4864951.5,
3421,2,4864977.5,
3422,2,4864990.5,
3423,2,4864979.5,
3424,0,4864946.0,
3425,2,4864951.5,
3426,2,4864967.0,
3427,2,4864972.5,
3428,2,4864965.5,
3429,2,4864966.5,
3430,2,4864977.5,
3431,0,4864974.0,
3432,0,4864959.5,
3433,2,4864962.5,
3434,2,4864973.5,
3435,0,4864951.5,
3436,2,4864954.5,
3437,0,4864966.0,
3438,2,4864966.0,
3439,0,4864977.0,
3440,2,4864953.0,
3441,2,4864953.0,
3442,2,4864972.0,
3443,2,4864972.5,
3444,2,4864965.0,
3445,2,4864973.5,
3446,2,4864950.0,
3447,2,4864964.0,
3448,2,4864965.5,
3449,2,4864959.0,
3450,2,4864988.5,
3451,2,4864979.5,
3452,2,4864949.0,
3453,2,4864954.5,
3454,2,4864973.5,
3455,2,4864960.5,
3456,2,4864963.5,
3457,2,4864945.5,
3458,2,4864933.5,
3459,2,4864943.5,
3460,2,4864932.5,
3461,0,4864952.5,
3462,2,4864936.0,
3463,2,4864938.5,
3464,2,4864937.5,
3465,2,4864938.5,
3466,2,4864932.5,
3467,0,4864943.5,
3468,2,4864938.0,
3469,2,4864948.0,
3470,2,4864942.5,
3471,0,4864944.5,
3472,2,4864942.5,
3473,2,4864971.0,
3474,1,4864938.0,
3475,2,4864940.0,
3476,0,4864968.5,
3477,2,4864959.0,
3478,0,4864945.0,
3479,2,4864956.0,
3480,2,4864940.5,
3481,2,4864939.0,
3482,2,4864945.5,
3483,2,4864943.0,
3484,2,4864957.5,
3485,2,4864941.5,
3486,2,4864958.5,
3487,1,4864952.5,
3488,1,4864962.5,
3489,2,4864945.0,
3490,2,4864963.5,
3491,2,4864953.5,
3492,1,4864948.0,
3493,2,4864953.0,
3494,2,4864952.5,
3495,2,4864942.5,
3496,1,4864951.5,
3497,0,4864970.5,
3498,2,4864939.5,
3499,2,4864946.0,
3500,0,4864945.0,
3501,0,4864939.5,
3502,2,4864938.0,
3503,2,4864939.5,
3504,2,4864944.5,
3505,2,4864939.0,
3506,0,4864943.5,
3507,2,4864939.5,
3508,2,4864954.0,
3509,2,4864957.0,
3510,2,4864936.5,
3511,2,4864976.0,
3512,2,4864948.5,
3513,2,4864968.5,
3514,2,4864940.5,
3515,2,4864951.0,
3516,2,4864937.0,
3517,2,4864963.0,
3518,2,4864964.0,
3519,2,4864931.0,
3520,0,4864945.5,
3521,2,4864964.0,
3522,2,4864942.5,
3523,2,4864928.5,
3524,2,4864931.5,
3525,2,4864968.0,
3526,1,4864936.0,
3527,2,4864950.5,
3528,2,4864950.5,
3529,2,4864959.0,
3530,2,4864946.0,
3531,2,4864945.0,
3532,1,4864958.5,
3533,2,4864965.0,
3534,0,4864938.5,
3535,2,4864940.0,
3536,2,4864939.0,
3537,2,4864981.5,
3538,2,4864982.0,
3539,2,4864947.5,
3540,2,4864974.5,
3541,2,4864955.5,
3542,2,4864965.5,
3543,2,4864954.5,
3544,2,4864964.0,
3545,2,4864955.0,
3546,2,4864979.0,
3547,2,4864984.0,
3548,2,4864958.0,
3549,2,4864967.5,
3550,2,4864968.5,
3551,2,4864949.5,
3552,0,4864973.0,
3553,2,4864955.5,
3554,0,4864954.0,
3555,2,4864949.5,
3556,2,4864956.0,
3557,0,4864954.0,
3558,0,4864972.5,
3559,0,4864975.0,
3560,0,4864962.5,
3561,2,4864969.5,
3562,0,4864961.0,
3563,0,4864964.0,
3564,0,4864974.0,
3565,0,4864974.0,
3566,2,4864935.0,
3567,2,4864943.5,
3568,2,4864969.5,
3569,2,4864948.0,
3570,0,4864966.0,
3571,2,4864957.0,
3572,0,4864943.5,
3573,2,4864948.5,
3574,2,4864933.5,
3575,2,4864928.5,
3576,2,4864974.5,
3577,1,4864961.5,
3578,2,4864970.0,
3579,2,4864978.0,
3580,2,4864957.5,
3581,1,4864957.0,
3582,2,4864937.0,
3583,1,4864933.5,
3584,1,4864933.5,
3585,1,4864936.0,
3586,1,4864955.0,
3587,1,4864946.0,
3588,0,4864953.5,
3589,0,4864944.0,
3590,2,4864951.0,
3591,2,4864948.5,
3592,0,4864948.0,
3593,2,4864952.0,
3594,1,4864950.5,
3595,1,4864971.5,
3596,1,4864943.5,
3597,1,4864939.5,
3598,1,4864971.0,
3599,1,4864950.5,
3600,1,4864952.0,
3601,1,4864968.5,
3602,1,4864968.5,
3603,2,4864943.5,
3604,2,4864966.5,
3605,0,4864945.5,
3606,0,4864971.0,
3607,2,4864958.5,
3608,2,4864947.0,
3609,0,4864941.5,
3610,2,4864942.5,
3611,0,4864963.5,
3612,0,4864962.5,
3613,2,4864973.5,
3614,2,4864967.0,
3615,2,4864979.5,
3616,2,4864965.0,
3617,0,4864961.5,
3618,2,4864966.5,
3619,0,4864963.0,
3620,2,4864970.5,
3621,0,4864958.5,
3622,2,4864968.0,
3623,0,4864967.5,
3624,2,4864947.0,
3625,0,4864964.0,
3626,2,4864975.0,
3627,0,4864966.5,
3628,0,4864978.0,
3629,0,4864974.0,
3630,2,4864940.0,
3631,2,4864952.0,
3632,2,4864951.5,
3633,0,4864947.5,
3634,2,4864950.5,
3635,2,4864957.5,
3636,0,4864972.0,
3637,2,4864939.0,
3638,2,4864945.0,
3639,0,4864967.5,
3640,0,4864970.5,
3641,2,4864929.5,
3642,2,4864946.0,
3643,2,4864962.5,
3644,2,4864942.0,
3645,2,4864940.0,
3646,2,4864941.0,
3647,2,4864937.5,
3648,1,4864958.0,
3649,2,4864940.5,
3650,2,4864906.0,
3651,2,4864902.5,
3652,2,4864905.5,
3653,2,4864906.0,
3654,2,4864905.5,
3655,2,4864905.5,
3656,2,4864905.5,
3657,2,4864907.0,
3658,2,4864907.5,
3659,2,4864907.0,
3660,2,4864907.5,
3661,2,4864907.5,
3662,1,4864914.0,
3663,1,4864914.5,
3664,2,4864913.5,
3665,1,4864913.5,
3666,1,4864914.0,
3667,1,4864915.0,
3668,1,4864928.0,
3669,1,4864924.5,
3670,1,4864924.5,
3671,1,4864928.0,
3672,1,4864928.0,
3673,1,4864929.0,
3674,2,4864942.5,
3675,1,4864942.0,
3676,1,4864941.5,
3677,1,4864941.5,
3678,1,4864941.5,
3679,1,4864929.0,
3680,1,4864941.5,
3681,2,4864929.5,
3682,2,4864920.5,
3683,2,4864929.5,
3684,2,4864929.5,
3685,2,4864929.5,
3686,2,4864929.5,
3687,2,4864929.5,
3688,2,4864933.5,
3689,2,4864929.5,
3690,2,4864933.5,
3691,2,4864915.0,
3692,2,4864915.0,
3693,2,4864914.5,
3694,2,4864919.0,
3695,2,4864919.0,
3696,2,4864919.0,
3697,2,4864919.0,
3698,2,4864903.0,
3699,2,4864914.5,
3700,2,4864919.0,
3701,2,4864932.5,
3702,2,4864932.5,
3703,2,4864939.5,
3704,2,4864925.5,
3705,2,4864939.0,
3706,2,4864925.5,
3707,2,4864937.5,
3708,2,4864938.0,
3709,2,4864938.0,
3710,2,4864938.0,
3711,2,4864937.5,
3712,2,4864937.5,
3713,2,4864937.5,
3714,1,4864944.0,
3715,2,4864956.0,
3716,2,4864939.5,
3717,2,4864956.0,
3718,2,4864956.0,
3719,2,4864938.0,
3720,2,4864938.0,
3721,2,4864938.0,
3722,2,4864941.5,
3723,2,4864945.5,
3724,2,4864945.5,
3725,2,4864935.5,
3726,2,4864935.5,
3727,2,4864935.5,
3728,2,4864935.5,
3729,2,4864935.5,
3730,2,4864935.5,
3731,2,4864935.5,
3732,2,4864935.5,
3733,2,4864935.5,
3734,1,4864935.5,
3735,2,4864908.5,
3736,2,4864908.5,
3737,2,4864908.0,
3738,2,4864908.5,
3739,2,4864908.0,
3740,2,4864908.0,
3741,2,4864908.5,
3742,2,4864908.0,
3743,2,4864908.0,
3744,2,4864908.0,
3745,2,4864917.5,
3746,2,4864917.5,
3747,1,4864927.0,
3748,1,4864927.0,
3749,1,4864927.5,
3750,1,4864927.5,
3751,1,4864927.5,
3752,1,4864928.0,
3753,2,4864937.5,
3754,1,4864937.5,
3755,2,4864938.0,
3756,1,4864938.0,
3757,2,4864907.5,
3758,2,4864907.0,
3759,2,4864906.5,
3760,2,4864906.5,
3761,2,4864907.0,
3762,2,4864907.0,
3763,2,4864915.5,
3764,2,4864915.5,
3765,2,4864903.0,
3766,1,4865001.0,
3767,1,4865003.0,
3768,1,4864985.5,
3769,1,4864978.0,
3770,1,4864977.5,
3771,1,4864979.0,
3772,1,4864986.0,
3773,1,4864977.5,
3774,0,4864976.5,
3775,2,4864950.5,
3776,0,4864970.0,
3777,2,4864977.5,
3778,2,4864955.5,
3779,2,4864960.0,
3780,2,4864959.0,
3781,2,4864984.5,
3782,2,4864949.0,
3783,2,4864952.0,
3784,1,4864972.0,
3785,1,4864972.5,
3786,1,4864979.0,
3787,1,4864979.0,
3788,1,4864989.0,
3789,1,4864976.0,
3790,1,4864975.5,
3791,1,4864985.0,
3792,1,4864985.0,
3793,1,4864985.0,
3794,1,4864917.5,
3795,1,4864915.5,
3796,1,4864920.0,
3797,1,4864918.0,
3798,1,4864918.0,
3799,1,4864928.5,
3800,1,4864930.5,
3801,1,4864935.0,
3802,1,4864939.0,
3803,1,4864945.5,
3804,1,4864901.0,
3805,1,4864901.0,
3806,1,4864902.5,
3807,1,4864902.0,
3808,1,4864901.5,
3809,1,4864952.0,
3810,1,4864935.5,
3811,1,4864955.0,
3812,1,4864932.5,
3813,1,4864926.0,
3814,1,4864927.0,
3815,1,4864933.0,
3816,1,4864949.0,
3817,1,4864958.5,
3818,1,4864955.5,
3819,1,4864947.0,
3820,1,4864951.0,
3821,1,4864945.0,
3822,1,4864944.0,
3823,1,4864949.5,
3824,1,4864941.5,
3825,1,4864949.0,
3826,1,4864943.5,
3827,1,4864935.0,
3828,1,4864936.0,
3829,1,4864938.0,
3830,1,4864938.0,
3831,1,4864936.5,
3832,1,4864938.0,
3833,1,4864940.5,
3834,1,4864946.0,
3835,1,4864951.0,
3836,1,4864951.0,
3837,1,4864948.0,
3838,1,4864956.0,
3839,1,4864925.5,
3840,1,4864925.5,
3841,1,4864955.0,
3842,1,4864945.5,
3843,1,4864943.5,
3844,1,4864944.5,
3845,1,4864925.5,
3846,1,4864944.5,
3847,1,4864922.0,
3848,1,4864922.0,
3849,1,4864843.0,
3850,1,4864844.5,
3851,1,4864840.5,
3852,1,4864945.5,
3853,1,4864946.0,
3854,1,4864945.5,
3855,1,4864924.0,
3856,1,4864840.5,
3857,1,4864943.5,
3858,1,4864943.5,
3859,1,4864925.0,
3860,1,4864842.5,
3861,1,4864925.0,
3862,1,4864924.0,
3863,1,4864923.0,
3864,1,4864941.0,
3865,1,4864942.5,
3866,1,4864943.0,
3867,1,4864942.5,
3868,1,4864938.5,
3869,1,4864844.0,
3870,1,4864853.0,
3871,1,4864851.0,
3872,1,4864936.5,
3873,1,4864841.0,
3874,1,4864924.0,
3875,1,4864924.0,
3876,1,4864926.5,
3877,1,4864926.5,
3878,1,4864840.0,
3879,1,4864942.5,
3880,1,4864943.0,
3881,1,4864937.5,
3882,1,4864934.0,
3883,1,4864933.5,
3884,1,4864850.0,
3885,1,4864844.0,
3886,1,4864842.5,
3887,1,4864833.5,
3888,1,4864834.0,
3889,1,4864830.5,
3890,1,4864836.0,
3891,1,4864888.0,
3892,1,4864888.0,
3893,1,4864829.5,
3894,1,4864829.5,
3895,1,4864892.5,
3896,1,4864892.5,
3897,1,4864903.0,
3898,1,4864904.5,
3899,1,4864904.5,
3900,1,4864901.5,
3901,1,4864887.5,
3902,1,4864875.5,
3903,1,4864822.0,
3904,1,4864865.0,
3905,1,4864865.0,
3906,1,4864865.0,
3907,1,4864880.5,
3908,1,4864865.0,
3909,1,4864865.0,
3910,1,4864878.5,
3911,1,4864879.5,
3912,1,4864880.0,
3913,1,4864884.0,
3914,1,4864872.5,
3915,1,4864872.0,
3916,1,4864870.0,
3917,1,4864882.5,
3918,1,4864882.5,
3919,1,4864887.0,
3920,1,4864887.0,
3921,1,4864887.0,
3922,1,4864887.0,
3923,1,4864887.0,
3924,1,4864869.5,
3925,1,4864872.5,
3926,1,4864869.0,
3927,1,4864882.5,
3928,1,4864879.0,
3929,1,4864881.0,
3930,1,4864868.5,
3931,1,4864880.5,
3932,1,4864878.5,
3933,1,4864866.0,
3934,1,4864890.0,
3935,1,4864914.0,
3936,1,4864840.0,
3937,1,4864901.0,
3938,1,4864886.0,
3939,1,4864886.0,
3940,1,4864826.5,
3941,1,4864818.5,
3942,1,4864861.0,
3943,1,4864814.5,
3944,1,4864861.0,
3945,1,4864875.0,
3946,1,4864876.5,
3947,1,4864861.0,
3948,1,4864881.0,
3949,1,4864885.0,
3950,1,4864885.5,
3951,1,4864873.5,
3952,1,4864868.5,
3953,1,4864887.0,
3954,1,4864887.0,
3955,1,4864887.0,
3956,1,4864883.5,
3957,1,4864887.5,
3958,1,4864864.5,
3959,1,4864864.5,
3960,1,4864864.5,
3961,1,4864824.0,
3962,1,4864864.5,
3963,1,4864881.5,
3964,1,4864875.5,
3965,1,4864880.5,
3966,1,4864882.0,
3967,1,4864827.0,
3968,1,4864882.0,
3969,1,4864882.0,
3970,1,4864810.5,
3971,1,4864803.5,
3972,1,4864866.0,
3973,1,4864796.5,
3974,1,4864866.0,
3975,1,4864866.0,
3976,1,4864866.5,
3977,1,4864866.5,
3978,1,4864800.0,
3979,1,4864799.5,
3980,1,4864800.0,
3981,1,4864793.5,
3982,1,4864792.5,
3983,1,4864759.5,
3984,1,4864761.0,
3985,1,4864758.5,
3986,1,4864756.0,
3987,1,4864747.0,
3988,1,4864813.5,
3989,2,4864812.5,
3990,1,4864799.0,
3991,1,4864803.5,
3992,1,4864820.5,
3993,1,4864778.5,
3994,1,4864780.0,
3995,1,4864822.5,
3996,1,4864780.0,
3997,1,4864825.5,
3998,1,4864787.5,
3999,1,4864795.0,
4000,1,4864795.0,
4001,1,4864825.0,
4002,1,4864797.0,
4003,1,4864781.5,
4004,1,4864799.0,
4005,1,4864825.0,
4006,1,4864780.5,
4007,1,4864827.5,
4008,1,4864791.0,
4009,1,4864784.5,
4010,1,4864781.0,
4011,1,4864774.0,
4012,1,4864775.0,
4013,1,4864794.5,
4014,1,4864794.5,
4015,1,4864793.0,
4016,1,4864796.0,
4017,1,4864797.0,
4018,1,4864806.0,
4019,1,4864796.0,
4020,1,4864807.5,
4021,1,4864796.0,
4022,1,4864789.0,
4023,1,4864793.0,
4024,1,4864783.5,
4025,1,4864781.0,
4026,1,4864786.0,
4027,1,4864787.5,
4028,1,4864783.0,
4029,1,4864814.5,
4030,1,4864815.0,
4031,1,4864789.5,
4032,1,4864809.0,
4033,1,4864808.0,
4034,1,4864805.0,
4035,1,4864805.0,
4036,1,4864813.0,
4037,1,4864795.0,
4038,1,4864812.0,
4039,1,4864810.0,
4040,1,4864796.5,
4041,1,4864826.5,
4042,1,4864828.5,
4043,1,4864787.0,
4044,1,4864828.5,
4045,1,4864827.5,
4046,0,4864824.5,
4047,1,4864821.0,
4048,1,4864821.5,
4049,1,4864823.5,
4050,1,4864819.0,
4051,1,4864820.0,
4052,1,4864793.5,
4053,1,4864787.5,
4054,1,4864795.0,
4055,1,4864809.5,
4056,1,4864797.5,
4057,1,4864818.0,
4058,1,4864785.0,
4059,1,4864815.5,
4060,1,4864785.5,
4061,1,4864796.5,
4062,1,4864799.5,
4063,1,4864809.5,
4064,1,4864820.0,
4065,1,4864797.0,
4066,1,4864815.5,
4067,2,4864835.0,
4068,2,4864833.5,
4069,1,4864860.5,
4070,1,4864862.5,
4071,1,4864863.0,
4072,1,4864869.0,
4073,1,4864869.0,
4074,1,4864866.5,
4075,1,4864873.5,
4076,1,4864873.5,
4077,1,4864862.5,
4078,2,4864791.0,
4079,1,4864860.5,
4080,1,4864862.0,
4081,1,4864897.0,
4082,1,4864897.0,
4083,1,4864897.0,
4084,2,4864791.5,
4085,1,4864897.0,
4086,1,4864861.5,
4087,1,4864887.5,
4088,1,4864861.5,
4089,2,4864785.5,
4090,2,4864782.5,
4091,1,4864889.0,
4092,2,4864785.0,
4093,1,4864878.5,
4094,1,4864877.0,
4095,1,4864873.5,
4096,1,4864872.5,
4097,1,4864836.0,
4098,1,4864843.0,
4099,1,4864850.0,
4100,1,4864842.5,
4101,1,4864868.5,
4102,1,4864891.0,
4103,1,4864893.0,
4104,1,4864895.0,
4105,1,4864895.0,
4106,1,4864893.0,
4107,1,4864862.0,
4108,1,4864869.0,
4109,1,4864869.0,
4110,1,4864865.5,
4111,1,4864866.0,
4112,1,4864857.5,
4113,1,4864857.5,
4114,1,4864857.5,
4115,1,4864856.0,
4116,1,4864853.0,
4117,2,4864780.5,
4118,2,4864789.0,
4119,1,4864880.5,
4120,2,4864788.0,
4121,1,4864880.5,
4122,2,4864803.0,
4123,1,4864886.5,
4124,1,4864866.0,
4125,1,4864864.5,
4126,1,4864865.0,
4127,1,4864881.0,
4128,1,4864865.0,
4129,1,4864863.5,
4130,2,4864782.0,
4131,1,4864881.0,
4132,1,4864861.5,
4133,1,4864864.0,
4134,1,4864860.0,
4135,1,4864889.5,
4136,1,4864862.5,
4137,1,4864860.5,
4138,1,4864887.0,
4139,1,4864889.5,
4140,1,4864884.5,
4141,1,4864884.0,
4142,1,4864864.0,
4143,1,4864864.0,
4144,1,4864861.5,
4145,1,4864866.0,
4146,1,4864862.5,
4147,2,4864756.0,
4148,1,4864878.5,
4149,2,4864758.0,
4150,1,4864882.0,
4151,2,4864755.5,
4152,1,4864878.5,
4153,1,4864878.5,
4154,2,4864767.0,
4155,1,4864875.5,
4156,2,4864765.0,
4157,2,4864814.5,
4158,2,4864816.0,
4159,2,4864819.5,
4160,2,4864819.0,
4161,2,4864821.0,
4162,2,4864831.5,
4163,2,4864818.5,
4164,2,4864817.0,
4165,2,4864817.0,
4166,2,4864820.0,
4167,2,4864812.0,
4168,2,4864815.5,
4169,2,4864815.5,
4170,2,4864819.0,
4171,2,4864826.0,
4172,2,4864804.0,
4173,2,4864803.5,
4174,2,4864803.5,
4175,2,4864797.5,
4176,2,4864798.0,
4177,2,4864831.5,
4178,2,4864804.0,
4179,2,4864780.5,
4180,2,4864832.0,
4181,2,4864780.0,
4182,2,4864781.5,
4183,2,4864789.5,
4184,2,4864832.0,
4185,2,4864831.5,
4186,2,4864829.5,
4187,2,4864809.5,
4188,2,4864792.5,
4189,2,4864792.5,
4190,2,4864794.5,
4191,2,4864794.5,
4192,2,4864806.0,
4193,2,4864806.5,
4194,2,4864805.5,
4195,2,4864799.0,
4196,2,4864799.5,
4197,2,4864801.5,
4198,2,4864799.0,
4199,2,4864790.5,
4200,2,4864790.0,
4201,2,4864819.0,
4202,2,4864823.0,
4203,2,4864838.0,
4204,2,4864832.5,
4205,2,4864817.0,
4206,2,4864823.0,
4207,2,4864830.5,
4208,2,4864820.5,
4209,2,4864824.5,
4210,2,4864835.5,
4211,2,4864828.5,
4212,2,4864844.5,
4213,2,4864830.0,
4214,2,4864820.5,
4215,2,4864829.0,
4216,2,4864819.5,
4217,2,4864811.0,
4218,2,4864813.0,
4219,2,4864816.0,
4220,2,4864835.5,
4221,2,4864835.5,
4222,2,4864836.0,
4223,2,4864835.0,
4224,2,4864831.0,
4225,2,4864833.0,
4226,2,4864830.0,
4227,2,4864830.0,
4228,2,4864833.0,
4229,2,4864833.0,
4230,2,4864804.5,
4231,2,4864814.5,
4232,2,4864814.5,
4233,2,4864812.0,
4234,2,4864811.5,
4235,2,4864844.5,
4236,2,4864838.0,
4237,2,4864837.0,
4238,2,4864838.5,
4239,2,4864844.5,
4240,2,4864862.5,
4241,2,4864836.5,
4242,2,4864862.0,
4243,2,4864862.0,
4244,2,4864849.0,
4245,2,4864884.0,
4246,2,4864884.5,
4247,2,4864882.0,
4248,2,4864885.0,
4249,2,4864885.5,
4250,2,4864861.5,
4251,2,4864862.0,
4252,2,4864862.0,
4253,2,4864894.5,
4254,2,4864894.5,
4255,2,4864861.0,
4256,2,4864894.0,
4257,2,4864893.0,
4258,2,4864893.0,
4259,2,4864863.0,
4260,2,4864887.0,
4261,2,4864892.0,
4262,2,4864890.5,
4263,2,4864888.5,
4264,2,4864872.5,
4265,2,4864886.0,
4266,2,4864872.5,
4267,2,4864878.5,
4268,2,4864876.5,
4269,2,4864874.5,
4270,2,4864876.0,
4271,2,4864877.5,
4272,2,4864877.5,
4273,3,4864884.0,
4274,2,4864878.5,
4275,2,4864878.5,
4276,2,4864884.0,
4277,3,4864884.5,
4278,2,4864880.5,
4279,2,4864880.5,
4280,3,4864833.5,
4281,3,4864844.0,
4282,3,4864849.0,
4283,3,4864808.5,
4284,3,4864831.5,
4285,2,4864890.0,
4286,2,4864869.5,
4287,2,4864870.5,
4288,2,4864891.0,
4289,2,4864871.0,
4290,2,4864871.0,
4291,2,4864871.0,
4292,3,4864898.0,
4293,2,4864885.0,
4294,2,4864885.0,
4295,3,4864887.5,
4296,2,4864867.5,
4297,2,4864874.0,
4298,3,4864887.5,
4299,2,4864868.0,
4300,2,4864871.5,
4301,2,4864863.5,
4302,2,4864898.0,
4303,2,4864896.5,
4304,2,4864896.5,
4305,3,4864832.0,
4306,2,4864861.5,
4307,2,4864859.0,
4308,2,4864857.5,
4309,2,4864855.5,
4310,2,4864855.5,
4311,3,4864830.5,
4312,3,4864841.0,
4313,3,4864840.5,
4314,2,4864863.5,
4315,2,4864875.0,
4316,2,4864863.5,
4317,2,4864865.0,
4318,2,4864865.0,
4319,2,4864866.5,
4320,3,4864876.0,
4321,3,4864848.5,
4322,2,4864875.5,
4323,2,4864878.5,
4324,2,4864878.5,
4325,3,4864808.5,
4326,3,4864816.0,
4327,3,4864818.0,
4328,3,4864819.5,
4329,3,4864811.5,
4330,2,4864921.0,
4331,2,4864921.0,
4332,3,4864807.0,
4333,2,4864924.0,
4334,3,4864806.5,
4335,2,4864924.0,
4336,2,4864917.0,
4337,2,4864929.5,
4338,2,4864929.5,
4339,3,4864795.0,
4340,2,4864929.5,
4341,2,4864930.0,
4342,2,4864931.5,
4343,3,4864810.5,
4344,3,4864798.5,
4345,2,4864932.5,
4346,2,4864932.0,
4347,1,4864973.5,
4348,2,4864932.0,
4349,2,4864931.0,
4350,2,4864931.0,
4351,2,4864931.0,
4352,1,4864983.5,
4353,2,4864931.0,
4354,2,4864930.5,
4355,1,4864982.0,
4356,2,4864930.0,
4357,1,4864982.0,
4358,2,4864927.5,
4359,1,4864983.5,
4360,2,4864962.5,
4361,2,4864960.5,
4362,2,4864978.5,
4363,2,4864973.0,
4364,2,4864969.5,
4365,2,4864932.0,
4366,2,4864927.0,
4367,2,4864932.5,
4368,2,4864931.5,
4369,2,4864932.5,
4370,2,4864932.0,
4371,2,4864926.5,
4372,2,4864925.0,
4373,2,4864923.5,
4374,2,4864925.5,
4375,2,4864938.5,
4376,2,4864939.0,
4377,2,4864936.0,
4378,2,4864936.5,
4379,2,4864936.5,
4380,3,4864737.0,
4381,2,4864928.0,
4382,2,4864928.5,
4383,3,4864745.5,
4384,2,4864930.0,
4385,2,4864927.0,
4386,3,4864737.5,
4387,2,4864927.0,
4388,3,4864734.0,
4389,3,4864735.5,
4390,2,4864986.5,
4391,2,4864970.0,
4392,2,4864919.5,
4393,2,4864916.5,
4394,2,4864968.0,
4395,2,4864916.5,
4396,2,4864916.5,
4397,2,4864916.5,
4398,2,4864926.5,
4399,2,4864954.5,
4400,2,4864928.5,
4401,2,4864968.5,
4402,2,4864932.5,
4403,2,4864934.5,
4404,2,4864911.5,
4405,2,4864911.5,
4406,2,4864907.5,
4407,2,4864930.0,
4408,2,4864907.0,
4409,2,4864906.0,
4410,2,4864923.5,
4411,2,4864923.5,
4412,2,4864929.5,
4413,2,4864929.5,
4414,2,4864931.0,
4415,2,4864929.5,
4416,2,4864928.5,
4417,2,4864929.0,
4418,2,4864977.5,
4419,2,4864936.0,
4420,2,4864934.0,
4421,2,4864979.5,
4422,2,4864978.5,
4423,3,4864755.5,
4424,2,4864963.5,
4425,2,4864974.5,
4426,3,4864760.0,
4427,3,4864757.5,
4428,3,4864745.0,
4429,3,4864748.0,
4430,2,4864984.0,
4431,2,4864980.0,
4432,2,4864978.5,
4433,2,4864979.5,
4434,2,4864982.5,
4435,3,4864773.5,
4436,3,4864766.0,
4437,2,4864918.5,
4438,2,4864918.5,
4439,3,4864775.0,
4440,2,4864885.0,
4441,2,4864885.5,
4442,2,4864983.5,
4443,3,4864776.0,
4444,2,4864889.5,
4445,2,4864982.0,
4446,2,4864980.5,
4447,2,4864986.0,
4448,2,4864879.5,
4449,2,4864873.0,
4450,2,4864877.5,
4451,2,4864878.0,
4452,2,4864881.5,
4453,2,4864982.5,
4454,2,4864878.0,
4455,2,4864877.5,
4456,2,4864880.0,
4457,2,4864876.0,
4458,2,4864884.5,
4459,2,4864877.5,
4460,2,4864878.0,
4461,2,4864877.5,
4462,2,4864877.0,
4463,2,4864877.0,
4464,3,4864788.0,
4465,3,4864792.5,
4466,3,4864779.0,
4467,2,4864874.5,
4468,2,4864874.5,
4469,2,4864875.0,
4470,3,4864772.0,
4471,2,4864874.0,
4472,2,4864871.5,
4473,2,4864873.5,
4474,2,4864867.0,
4475,3,4864801.5,
4476,2,4864863.5,
4477,2,4864862.5,
4478,2,4864874.0,
4479,2,4864874.0,
4480,2,4864874.5,
4481,2,4864875.0,
4482,2,4864862.0,
4483,2,4864871.0,
4484,2,4864867.5,
4485,2,4864868.0,
4486,2,4864881.0,
4487,2,4864868.0,
4488,2,4864881.0,
4489,2,4864884.0,
4490,2,4864884.0,
4491,2,4864884.0,
4492,2,4864876.5,
4493,2,4864877.5,
4494,2,4864871.0,
4495,2,4864869.5,
4496,2,4864869.5,
4497,2,4864870.0,
4498,2,4864870.0,
4499,2,4864861.5,
4500,2,4864860.5,
4501,2,4864861.5,
4502,2,4864859.5,
4503,2,4864863.0,
4504,2,4864886.0,
4505,2,4864889.5,
4506,2,4864886.5,
4507,2,4864884.5,
4508,2,4864884.5,
4509,2,4864984.0,
4510,2,4864982.5,
4511,2,4864983.5,
4512,2,4864984.0,
4513,2,4864983.0,
4514,2,4864996.5,
4515,2,4864995.5,
4516,2,4865010.5,
4517,2,4865005.5,
4518,2,4864990.5,
4519,4,4864787.5,
4520,4,4864788.0,
4521,4,4864799.5,
4522,3,4864919.0,
4523,3,4864922.5,
4524,3,4864922.5,
4525,3,4864924.0,
4526,3,4864923.0,
4527,4,4864793.0,
4528,4,4864800.0,
4529,3,4864914.0,
4530,3,4864914.0,
4531,3,4864916.0,
4532,3,4864916.0,
4533,3,4864916.0,
4534,3,4864928.0,
4535,3,4864927.0,
4536,3,4864928.5,
4537,3,4864927.0,
4538,3,4864927.5,
4539,3,4864922.0,
4540,3,4864922.0,
4541,3,4864922.0,
4542,3,4864922.0,
4543,3,4864922.0,
4544,3,4864931.0,
4545,3,4864931.0,
4546,4,4864781.0,
4547,3,4864930.5,
4548,3,4864933.0,
4549,3,4864883.5,
4550,4,4864778.0,
4551,3,4864924.5,
4552,3,4864924.5,
4553,3,4864933.0,
4554,3,4864924.5,
4555,3,4864932.0,
4556,3,4864933.0,
4557,4,4864763.5,
4558,2,4865014.0,
4559,4,4864774.5,
4560,3,4864929.5,
4561,2,4865005.0,
4562,3,4864929.5,
4563,3,4864929.5,
4564,4,4864771.0,
4565,3,4864933.0,
4566,3,4864932.5,
4567,2,4864996.0,
4568,2,4865006.5,
4569,2,4865003.0,
4570,3,4864985.0,
4571,3,4864985.0,
4572,3,4864978.0,
4573,3,4864978.0,
4574,2,4864930.5,
4575,3,4864928.0,
4576,3,4864927.0,
4577,3,4864927.5,
4578,3,4864927.5,
4579,3,4864924.0,
4580,3,4864925.5,
4581,2,4864923.5,
4582,3,4864923.0,
4583,3,4864926.0,
4584,3,4864924.0,
4585,3,4864926.0,
4586,3,4864925.5,
4587,3,4864925.5,
4588,3,4864939.5,
4589,3,4864939.5,
4590,3,4864931.5,
4591,3,4864931.5,
4592,3,4864931.5,
4593,3,4864931.5,
4594,3,4864929.0,
4595,3,4864934.5,
4596,3,4864934.5,
4597,3,4864959.0,
4598,3,4864952.5,
4599,3,4864952.5,
4600,0,4864949.5,
4601,4,4864814.5,
4602,2,4864944.0,
4603,3,4864930.5,
4604,3,4864933.5,
4605,2,4864935.5,
4606,4,4864758.0,
4607,3,4864933.5,
4608,3,4864934.0,
4609,3,4864934.5,
4610,0,4864948.0,
4611,3,4864921.5,
4612,4,4864777.0,
4613,3,4864922.0,
4614,2,4864933.0,
4615,3,4864925.5,
4616,4,4864756.0,
4617,3,4864920.0,
4618,4,4864752.0,
4619,3,4864923.0,
4620,2,4864934.0,
4621,3,4864923.0,
4622,3,4864923.0,
4623,2,4864946.0,
4624,3,4864919.0,
4625,2,4864942.0,
4626,3,4864918.5,
4627,3,4864921.5,
4628,2,4864930.0,
4629,2,4864934.0,
4630,3,4864761.0,
4631,3,4864731.0,
4632,3,4864746.5,
4633,3,4864762.0,
4634,3,4864765.5,
4635,2,4864933.5,
4636,2,4864933.0,
4637,2,4864933.0,
4638,3,4864898.5,
4639,2,4864898.0,
4640,2,4864954.0,
4641,3,4864909.5,
4642,3,4864909.5,
4643,3,4864896.5,
4644,3,4864909.5,
4645,3,4864908.0,
4646,2,4864954.0,
4647,3,4864908.0,
4648,3,4864913.5,
4649,3,4864913.5,
4650,3,4864873.0,
4651,3,4864873.0,
4652,2,4864871.5,
4653,3,4864871.5,
4654,3,4864869.5,
4655,3,4864912.0,
4656,3,4864912.0,
4657,4,4864812.5,
4658,3,4864887.0,
4659,4,4864817.0,
4660,3,4864907.5,
4661,2,4864927.0,
4662,3,4864907.5,
4663,2,4864869.0,
4664,4,4864810.0,
4665,3,4864869.0,
4666,2,4864869.0,
4667,2,4864923.5,
4668,2,4864868.5,
4669,2,4864868.5,
4670,4,4864810.5,
4671,2,4864925.0,
4672,4,4864817.0,
4673,2,4864923.5,
4674,3,4864894.5,
4675,2,4864925.5,
4676,3,4864893.0,
4677,2,4864896.0,
4678,2,4864896.0,
4679,2,4864897.0,
4680,4,4864820.5,
4681,4,4864820.0,
4682,3,4864903.5,
4683,3,4864906.0,
4684,3,4864903.0,
4685,4,4864817.5,
4686,3,4864903.0,
4687,3,4864902.0,
4688,3,4864885.5,
4689,2,4864885.5,
4690,4,4864819.0,
4691,2,4864878.5,
4692,3,4864890.0,
4693,4,4864821.0,
4694,2,4864882.5,
4695,3,4864882.0,
4696,3,4864882.0,
4697,3,4864882.0,
4698,3,4864881.5,
4699,3,4864881.5,
4700,3,4864880.5,
4701,3,4864881.5,
4702,2,4864881.5,
4703,3,4864881.5,
4704,3,4864881.5,
4705,3,4864883.0,
4706,2,4864881.5,
4707,2,4864881.5,
4708,3,4864882.5,
4709,3,4864882.0,
4710,4,4864816.5,
4711,2,4864925.0,
4712,4,4864823.0,
4713,2,4864926.0,
4714,4,4864825.5,
4715,2,4864924.5,
4716,2,4864928.0,
4717,4,4864823.0,
4718,2,4864924.5,
4719,4,4864831.5,
4720,2,4864918.0,
4721,2,4864922.0,
4722,2,4864922.5,
4723,2,4864923.0,
4724,2,4864916.5,
4725,2,4864915.5,
4726,2,4864922.5,
4727,3,4864822.0,
4728,2,4864912.0,
4729,3,4864813.5,
4730,2,4864918.5,
4731,3,4864813.5,
4732,2,4864819.0,
4733,2,4864908.0,
4734,3,4864819.0,
4735,2,4864828.5,
4736,2,4864906.0,
4737,3,4864829.5,
4738,2,4864828.0,
4739,2,4864912.0,
4740,3,4864826.5,
4741,2,4864912.0,
4742,3,4864824.5,
4743,2,4864908.5,
4744,2,4864911.0,
4745,3,4864815.5,
4746,3,4864805.5,
4747,4,4864835.0,
4748,3,4864808.0,
4749,2,4864899.0,
4750,3,4864788.5,
4751,4,4864835.0,
4752,3,4864788.5,
4753,2,4864906.0,
4754,4,4864847.5,
4755,2,4864902.0,
4756,3,4864838.0,
4757,2,4864838.0,
4758,3,4864838.0,
4759,3,4864838.0,
4760,3,4864838.5,
4761,2,4864903.5,
4762,4,4864844.5,
4763,2,4864905.5,
4764,4,4864844.5,
4765,3,4864813.0,
4766,3,4864837.0,
4767,3,4864843.5,
4768,3,4864842.0,
4769,3,4864816.0,
4770,3,4864817.0,
4771,3,4864817.0,
4772,3,4864830.5,
4773,3,4864827.5,
4774,2,4864913.0,
4775,3,4864827.0,
4776,2,4864908.5,
4777,2,4864909.0,
4778,4,4864856.5,
4779,2,4864912.0,
4780,4,4864852.5,
4781,2,4864901.5,
4782,3,4864805.5,
4783,3,4864818.5,
4784,3,4864818.5,
4785,4,4864845.0,
4786,3,4864819.0,
4787,3,4864809.0,
4788,3,4864838.5,
4789,3,4864835.5,
4790,3,4864807.0,
4791,4,4864847.0,
4792,3,4864810.0,
4793,3,4864804.0,
4794,4,4864848.5,
4795,3,4864833.5,
4796,3,4864834.0,
4797,3,4864829.5,
4798,3,4864828.0,
4799,3,4864829.5,
4800,3,4864831.0,
4801,2,4864923.5,
4802,3,4864828.0,
4803,3,4864830.0,
4804,3,4864827.0,
4805,3,4864827.0,
4806,2,4864924.0,
4807,2,4864924.5,
4808,2,4864922.5,
4809,2,4864921.5,
4810,2,4864928.0,
4811,2,4864930.5,
4812,2,4864932.0,
4813,2,4864925.5,
4814,2,4864925.5,
4815,2,4864933.0,
4816,2,4864930.0,
4817,2,4864927.0,
4818,3,4864840.5,
4819,3,4864841.0,
4820,2,4864939.5,
4821,3,4864870.0,
4822,3,4864869.5,
4823,2,4864932.0,
4824,3,4864870.0,
4825,3,4864886.0,
4826,3,4864885.5,
4827,3,4864875.5,
4828,3,4864876.0,
4829,3,4864883.5,
4830,3,4864875.5,
4831,3,4864883.5,
4832,3,4864883.5,
4833,3,4864883.5,
4834,3,4864878.5,
4835,3,4864880.0,
4836,3,4864877.0,
4837,3,4864865.5,
4838,3,4864876.5,
4839,3,4864869.5,
4840,3,4864877.5,
4841,3,4864873.0,
4842,3,4864870.0,
4843,3,4864874.0,
4844,3,4864874.0,
4845,3,4864873.0,
4846,3,4864871.5,
4847,3,4864871.0,
4848,3,4864878.0,
4849,3,4864875.5,
4850,3,4864882.0,
4851,3,4864880.0,
4852,3,4864881.0,
4853,3,4864881.0,
4854,2,4864935.0,
4855,3,4864882.0,
4856,3,4864884.0,
4857,3,4864883.5,
4858,2,4864932.5,
4859,3,4864883.5,
4860,2,4864927.5,
4861,3,4864877.5,
4862,3,4864883.5,
4863,3,4864878.5,
4864,3,4864878.5,
4865,3,4864877.0,
4866,3,4864876.0,
4867,2,4864929.5,
4868,2,4864926.5,
4869,3,4864879.5,
4870,3,4864865.0,
4871,3,4864873.5,
4872,3,4864874.0,
4873,3,4864874.0,
4874,2,4864929.0,
4875,3,4864883.0,
4876,3,4864881.0,
4877,3,4864883.0,
4878,3,4864874.0,
4879,3,4864874.5,
4880,2,4864929.0,
4881,3,4864861.5,
4882,3,4864866.5,
4883,3,4864886.0,
4884,2,4864926.5,
4885,3,4864892.0,
4886,3,4864889.0,
4887,2,4864919.5,
4888,2,4864927.5,
4889,3,4864866.0,
4890,3,4864878.0,
4891,3,4864865.0,
4892,3,4864862.5,
4893,3,4864862.5,
4894,3,4864896.5,
4895,3,4864893.5,
4896,3,4864893.5,
4897,3,4864897.0,
4898,3,4864893.5,
4899,3,4864868.0,
4900,3,4864868.0,
4901,2,4864926.0,
4902,3,4864868.0,
4903,3,4864868.0,
4904,3,4864872.5,
4905,2,4864929.0,
4906,2,4864927.0,
4907,2,4864928.0,
4908,3,4864887.0,
4909,3,4864878.0,
4910,3,4864865.5,
4911,3,4864858.0,
4912,3,4864859.5,
4913,2,4864927.0,
4914,3,4864887.5,
4915,3,4864883.5,
4916,3,4864889.0,
4917,3,4864888.0,
4918,3,4864861.0,
4919,3,4864861.0,
4920,3,4864862.5,
4921,3,4864890.0,
4922,3,4864860.5,
4923,3,4864860.5,
4924,2,4864935.0,
4925,2,4864933.0,
4926,3,4864883.5,
4927,3,4864884.0,
4928,2,4864930.0,
4929,3,4864867.5,
4930,2,4864928.0,
4931,3,4864870.0,
4932,3,4864870.0,
4933,2,4864930.0,
4934,0,4864959.0,
4935,0,4864955.0,
4936,0,4864947.0,
4937,0,4864946.0,
4938,0,4864945.5,
4939,0,4864983.0,
4940,0,4864981.0,
4941,0,4864983.5,
4942,0,4864984.0,
4943,0,4864980.0,
4944,0,4864994.5,
4945,0,4864994.0,
4946,0,4864997.5,
4947,0,4864988.5,
4948,0,4864989.0,
4949,0,4864998.5,
4950,0,4865002.0,
4951,0,4864824.5,
4952,0,4865002.5,
4953,0,4864825.5,
4954,0,4865004.5,
4955,0,4864824.5,
4956,0,4865003.5,
4957,0,4864811.0,
4958,0,4864812.5,
4959,0,4864975.0,
4960,0,4864977.0,
4961,0,4864975.5,
4962,0,4864977.5,
4963,0,4864978.0,
4964,0,4864976.5,
4965,0,4864823.5,
4966,0,4864825.0,
4967,0,4864987.0,
4968,0,4864847.0,
4969,0,4864990.5,
4970,0,4864847.0,
4971,0,4864850.5,
4972,0,4864984.0,
4973,0,4864984.0,
4974,0,4864866.0,
4975,0,4864866.0,
4976,0,4864866.0,
4977,0,4864866.0,
4978,0,4864866.0,
4979,0,4864865.5,
4980,0,4864865.5,
4981,0,4864864.0,
4982,0,4864859.5,
4983,0,4864868.0,
4984,0,4864985.5,
4985,0,4864991.0,
4986,0,4864982.5,
4987,0,4864978.5,
4988,0,4864978.5,
4989,0,4864873.5,
4990,0,4864873.5,
4991,0,4864873.5,
4992,0,4864873.5,
4993,0,4864874.0,
4994,0,4864874.0,
4995,0,4864874.0,
4996,0,4864870.5,
4997,0,4864870.0,
4998,0,4864866.5,
4999,0,4864852.0,
5000,0,4864852.0,
5001,0,4864852.0,
5002,0,4864852.0,
5003,0,4864852.0,
5004,0,4864876.0,
5005,0,4864874.5,
5006,0,4864877.0,
5007,0,4864869.5,
5008,0,4864874.0,
5009,0,4864857.5,
5010,0,4864857.5,
5011,0,4864858.5,
5012,0,4864858.5,
5013,0,4864858.0,
5014,0,4864859.5,
5015,0,4864848.5,
5016,0,4864864.5,
5017,0,4864857.0,
5018,0,4864856.0,
5019,0,4864857.0,
5020,0,4864857.0,
5021,0,4864857.0,
5022,0,4864864.0,
5023,0,4864866.5,
5024,0,4864879.0,
5025,0,4864873.0,
5026,0,4864863.0,
5027,0,4864863.0,
5028,0,4864862.5,
5029,0,4864870.0,
5030,0,4864862.5,
5031,0,4864862.0,
5032,0,4864862.0,
5033,0,4864862.5,
5034,0,4864855.0,
5035,0,4864856.5,
5036,0,4864854.5,
5037,0,4864854.0,
5038,0,4864854.0,
5039,0,4864933.5,
5040,0,4864935.5,
5041,0,4864930.5,
5042,0,4864922.0,
5043,0,4864922.5,
5044,0,4864922.5,
5045,0,4864922.0,
5046,0,4864923.5,
5047,0,4864930.5,
5048,0,4864930.5,
5049,0,4864917.0,
5050,0,4864917.5,
5051,0,4864917.0,
5052,0,4864916.0,
5053,0,4864916.5,
5054,1,4864916.5,
5055,0,4864918.0,
5056,1,4864916.5,
5057,0,4864921.0,
5058,0,4864921.0,
5059,0,4864939.5,
5060,0,4864939.5,
5061,0,4864941.5,
5062,0,4864941.5,
5063,0,4864912.0,
5064,0,4864912.5,
5065,0,4864934.0,
5066,0,4864912.5,
5067,0,4864913.0,
5068,0,4864930.5,
5069,0,4864928.5,
5070,0,4864925.5,
5071,0,4864925.5,
5072,0,4864925.5,
5073,0,4864925.5,
5074,1,4864924.0,
5075,1,4864926.5,
5076,1,4864931.0,
5077,1,4864936.5,
5078,1,4864933.0,
5079,1,4864937.0,
5080,1,4864933.5,
5081,0,4864934.5,
5082,0,4864927.5,
5083,0,4864933.5,
5084,0,4864942.0,
5085,1,4864942.0,
5086,1,4864939.0,
5087,1,4864939.0,
5088,0,4864940.5,
5089,0,4864919.0,
5090,0,4864919.0,
5091,0,4864940.0,
5092,0,4864919.0,
5093,0,4864919.0,
5094,0,4864926.5,
5095,0,4864934.0,
5096,0,4864929.0,
5097,0,4864929.0,
5098,0,4864929.0,
5099,0,4864934.0,
5100,0,4864924.5,
5101,0,4864926.5,
5102,0,4864925.0,
5103,0,4864934.0,
5104,0,4864925.0,
5105,0,4864934.0,
5106,0,4864935.0,
5107,0,4864935.0,
5108,0,4864925.0,
5109,0,4864927.0,
5110,0,4864927.0,
5111,0,4864927.0,
5112,0,4864927.0,
5113,0,4864928.0,
5114,0,4864921.0,
5115,0,4864921.0,
5116,0,4864921.0,
5117,0,4864921.0,
5118,0,4864921.0,
5119,1,4864870.5,
5120,0,4864867.0,
5121,1,4864867.5,
5122,1,4864868.0,
5123,1,4864868.0,
5124,0,4864881.5,
5125,0,4864880.5,
5126,0,4864881.5,
5127,0,4864879.5,
5128,0,4864878.5,
5129,0,4864876.5,
5130,0,4864877.5,
5131,0,4864878.5,
5132,0,4864881.5,
5133,0,4864881.5,
5134,0,4864864.5,
5135,0,4864886.0,
5136,0,4864864.5,
5137,0,4864862.5,
5138,0,4864862.5,
5139,0,4864862.5,
5140,0,4864886.0,
5141,0,4864886.0,
5142,0,4864883.5,
5143,0,4864874.5,
5144,0,4864866.0,
5145,0,4864864.0,
5146,0,4864890.0,
5147,1,4864861.5,
5148,1,4864862.0,
5149,0,4864886.0,
5150,0,4864885.5,
5151,0,4864885.0,
5152,0,4864885.0,
5153,0,4864885.0,
5154,1,4864873.5,
5155,0,4864892.5,
5156,0,4864892.0,
5157,0,4864892.5,
5158,0,4864892.5,
5159,0,4864892.5,
5160,1,4864871.0,
5161,0,4864863.5,
5162,1,4864863.5,
5163,1,4864868.5,
5164,1,4864863.0,
5165,1,4864864.5,
5166,1,4864864.0,
5167,0,4864862.0,
5168,0,4864860.5,
5169,1,4864861.0,
5170,1,4864864.5,
5171,1,4864863.5,
5172,1,4864877.5,
5173,1,4864875.5,
5174,1,4864873.0,
5175,1,4864873.0,
5176,1,4864875.5,
5177,1,4864876.5,
5178,1,4864878.0,
