,FLOOR_rf_rscv_5_1_train_valfinal.sav,LATITUDE,LONGITUDE
0,1,4864989.5,
1,1,4864989.5,
2,1,4864989.0,
3,1,4864992.0,
4,1,4864987.0,
5,1,4864998.0,
6,1,4864996.5,
7,1,4864987.0,
8,1,4864983.5,
9,1,4864989.5,
10,1,4864989.5,
11,1,4864991.0,
12,1,4864989.5,
13,1,4864987.5,
14,2,4864916.0,
15,1,4864983.0,
16,1,4864990.5,
17,1,4864990.5,
18,1,4864990.5,
19,1,4864990.5,
20,1,4864986.5,
21,1,4864986.5,
22,1,4864986.5,
23,2,4864928.0,
24,1,4864974.5,
25,1,4864979.5,
26,1,4864974.5,
27,1,4864972.5,
28,1,4864994.5,
29,1,4864989.5,
30,1,4864986.0,
31,1,4864981.0,
32,1,4864981.0,
33,1,4864984.5,
34,1,4864974.5,
35,1,4864976.5,
36,1,4864966.0,
37,1,4864966.5,
38,1,4864966.5,
39,1,4864966.5,
40,1,4864967.5,
41,1,4864966.5,
42,1,4864967.5,
43,1,4864953.5,
44,1,4864952.0,
45,1,4864953.0,
46,1,4864953.5,
47,1,4864954.5,
48,1,4864953.5,
49,1,4864955.5,
50,1,4864953.0,
51,1,4864955.0,
52,1,4864959.0,
53,1,4864960.0,
54,1,4864968.0,
55,1,4864971.5,
56,1,4864995.5,
57,1,4864997.0,
58,1,4864994.0,
59,1,4864997.0,
60,1,4864995.0,
61,1,4864972.5,
62,1,4864994.5,
63,1,4864995.0,
64,1,4864997.0,
65,1,4864995.0,
66,2,4864997.5,
67,2,4864995.0,
68,2,4864993.0,
69,2,4864993.0,
70,2,4864993.0,
71,2,4864997.0,
72,2,4864997.5,
73,2,4864997.0,
74,2,4865001.5,
75,2,4864999.0,
76,2,4864994.5,
77,2,4864997.5,
78,2,4865000.5,
79,2,4865001.5,
80,2,4865004.5,
81,2,4865001.5,
82,1,4864976.5,
83,1,4864971.0,
84,1,4864974.5,
85,1,4864968.0,
86,1,4864967.0,
87,1,4864969.5,
88,1,4864965.5,
89,1,4864970.5,
90,2,4865002.0,
91,1,4864970.0,
92,1,4864972.5,
93,1,4864972.5,
94,1,4864975.0,
95,1,4864973.0,
96,1,4864973.0,
97,1,4864973.0,
98,1,4864973.0,
99,1,4864970.5,
100,1,4864970.0,
101,1,4864970.0,
102,1,4864974.5,
103,1,4864971.0,
104,1,4864971.0,
105,1,4864971.0,
106,1,4864978.0,
107,1,4864973.0,
108,1,4864972.5,
109,1,4864972.5,
110,1,4864973.0,
111,1,4864970.0,
112,1,4864973.5,
113,1,4864987.0,
114,1,4864975.0,
115,1,4864984.5,
116,1,4864981.5,
117,1,4864982.5,
118,1,4864977.5,
119,1,4864973.5,
120,1,4864973.5,
121,1,4864975.5,
122,1,4864969.5,
123,1,4864967.5,
124,1,4864967.5,
125,1,4864967.5,
126,1,4864972.5,
127,1,4864968.0,
128,1,4864966.0,
129,1,4864971.5,
130,1,4864973.5,
131,1,4864976.5,
132,1,4864976.0,
133,1,4864976.0,
134,1,4864976.0,
135,1,4864975.5,
136,1,4864976.0,
137,1,4864977.0,
138,1,4864977.0,
139,1,4864977.0,
140,1,4864976.0,
141,1,4864999.0,
142,1,4864999.5,
143,2,4864999.5,
144,1,4865001.0,
145,1,4865002.0,
146,1,4865002.0,
147,1,4865002.0,
148,1,4865001.0,
149,1,4865002.5,
150,1,4865003.0,
151,1,4865000.5,
152,1,4865003.0,
153,1,4864976.5,
154,1,4864979.5,
155,1,4864981.0,
156,1,4864980.5,
157,1,4864980.5,
158,1,4864980.5,
159,1,4864980.5,
160,1,4864977.0,
161,1,4864977.0,
162,1,4864978.0,
163,1,4864978.0,
164,1,4864978.0,
165,1,4864978.0,
166,1,4864977.0,
167,1,4864977.0,
168,1,4864968.5,
169,1,4864968.5,
170,1,4864978.0,
171,1,4864977.0,
172,1,4864985.0,
173,1,4864981.5,
174,1,4864982.5,
175,1,4864980.5,
176,1,4864986.5,
177,1,4864984.5,
178,1,4864986.5,
179,1,4864981.5,
180,1,4864986.5,
181,1,4864983.5,
182,1,4864984.5,
183,1,4864973.5,
184,1,4864980.0,
185,1,4864982.5,
186,1,4864977.5,
187,1,4864978.5,
188,1,4864982.5,
189,1,4864984.5,
190,1,4864984.5,
191,1,4865002.0,
192,1,4865005.5,
193,1,4865005.5,
194,1,4865006.5,
195,1,4865007.0,
196,1,4865006.5,
197,1,4865006.5,
198,1,4865008.0,
199,1,4865008.5,
200,1,4865007.5,
201,1,4865004.5,
202,1,4865008.5,
203,1,4865001.0,
204,1,4865001.5,
205,1,4865001.0,
206,1,4865001.0,
207,1,4865012.5,
208,1,4865012.5,
209,1,4865010.5,
210,1,4865011.5,
211,1,4865011.5,
212,2,4865014.5,
213,2,4865016.0,
214,2,4865016.0,
215,1,4865010.5,
216,2,4865011.5,
217,2,4865007.5,
218,1,4865010.5,
219,1,4865011.5,
220,1,4865014.5,
221,1,4865014.5,
222,1,4865014.5,
223,2,4865011.0,
224,1,4865011.0,
225,2,4865011.0,
226,1,4865011.0,
227,1,4864994.5,
228,2,4865010.5,
229,2,4865010.5,
230,2,4865009.0,
231,2,4865009.0,
232,2,4865009.0,
233,2,4865009.0,
234,1,4864991.5,
235,1,4864997.0,
236,1,4865002.5,
237,2,4865006.0,
238,1,4864977.5,
239,2,4865006.5,
240,2,4865006.5,
241,1,4865006.0,
242,1,4865002.0,
243,2,4865006.5,
244,1,4864989.5,
245,1,4864989.5,
246,1,4864989.5,
247,1,4864991.5,
248,1,4864989.5,
249,1,4864989.5,
250,1,4864989.5,
251,1,4864989.5,
252,1,4864989.0,
253,1,4864990.5,
254,1,4864990.5,
255,1,4864991.5,
256,1,4864991.5,
257,1,4864991.5,
258,1,4864990.5,
259,1,4864991.0,
260,1,4864990.5,
261,1,4864990.5,
262,1,4864984.5,
263,1,4864987.0,
264,1,4864984.5,
265,1,4864987.0,
266,1,4864987.0,
267,1,4864987.0,
268,1,4864987.0,
269,1,4864987.0,
270,1,4864987.0,
271,1,4864987.0,
272,1,4864987.0,
273,1,4864992.5,
274,1,4864993.0,
275,1,4865010.0,
276,2,4865013.0,
277,2,4865013.0,
278,2,4865010.5,
279,2,4865012.5,
280,2,4865012.5,
281,2,4865012.5,
282,1,4865012.5,
283,1,4865013.5,
284,1,4865011.0,
285,1,4865011.0,
286,1,4865011.0,
287,1,4865015.0,
288,1,4865014.0,
289,1,4865007.0,
290,1,4865010.0,
291,1,4865014.5,
292,1,4865014.0,
293,2,4865015.0,
294,2,4865015.0,
295,2,4865014.0,
296,1,4865014.5,
297,1,4865014.5,
298,2,4865014.0,
299,2,4865015.0,
300,2,4865015.0,
301,2,4865014.5,
302,2,4865014.5,
303,1,4865012.0,
304,1,4865014.0,
305,1,4865011.0,
306,1,4865007.5,
307,1,4865008.5,
308,1,4864976.5,
309,1,4864981.0,
310,1,4864977.0,
311,1,4864975.5,
312,1,4864977.5,
313,1,4864981.0,
314,1,4864989.5,
315,1,4864988.0,
316,1,4864988.0,
317,1,4864973.0,
318,1,4864987.5,
319,1,4864987.5,
320,1,4864986.5,
321,1,4865008.5,
322,1,4865012.5,
323,1,4865004.0,
324,1,4864978.5,
325,1,4864976.5,
326,1,4864976.5,
327,1,4864974.5,
328,1,4864976.5,
329,1,4864976.5,
330,1,4864976.5,
331,1,4864974.5,
332,1,4864977.0,
333,2,4864997.5,
334,2,4864995.5,
335,2,4864997.0,
336,2,4864994.5,
337,2,4864995.5,
338,2,4864995.5,
339,2,4864995.0,
340,2,4864995.5,
341,2,4864989.5,
342,2,4864993.5,
343,2,4864995.0,
344,2,4864993.5,
345,2,4864995.0,
346,2,4864991.5,
347,2,4864991.5,
348,2,4864992.5,
349,2,4864992.5,
350,2,4864992.5,
351,2,4864992.5,
352,2,4864991.5,
353,1,4864964.0,
354,1,4864965.0,
355,1,4864962.0,
356,1,4864979.5,
357,1,4864982.5,
358,1,4864985.5,
359,1,4864985.5,
360,1,4864976.5,
361,1,4864976.5,
362,1,4864974.5,
363,1,4864964.0,
364,1,4864962.0,
365,1,4864970.0,
366,1,4864970.0,
367,1,4864971.5,
368,1,4864969.5,
369,1,4864969.5,
370,1,4864969.0,
371,1,4864969.5,
372,1,4864985.5,
373,1,4864989.0,
374,1,4864979.5,
375,1,4864988.5,
376,1,4864980.5,
377,1,4864971.5,
378,1,4864980.5,
379,1,4864984.5,
380,1,4864980.5,
381,1,4864989.0,
382,1,4864984.0,
383,1,4865003.0,
384,2,4865016.5,
385,2,4865013.5,
386,2,4865013.0,
387,2,4865013.0,
388,2,4865006.0,
389,2,4865004.0,
390,2,4864998.0,
391,2,4865001.5,
392,2,4865000.5,
393,2,4864990.0,
394,2,4864989.5,
395,2,4864991.5,
396,2,4864989.5,
397,1,4864985.5,
398,1,4864983.5,
399,1,4864989.0,
400,1,4864989.5,
401,1,4864989.5,
402,1,4864983.5,
403,1,4864985.5,
404,1,4864983.0,
405,1,4864986.0,
406,1,4864983.0,
407,1,4864981.0,
408,1,4864986.5,
409,1,4864983.5,
410,1,4864986.0,
411,1,4864975.5,
412,1,4864981.5,
413,1,4864969.5,
414,1,4864965.5,
415,1,4864965.5,
416,1,4864979.0,
417,1,4864978.5,
418,1,4864977.0,
419,1,4864980.0,
420,1,4864969.5,
421,1,4864972.0,
422,1,4864982.5,
423,1,4864965.0,
424,1,4864976.5,
425,1,4864983.0,
426,1,4864976.5,
427,1,4864976.0,
428,1,4864976.5,
429,1,4864975.0,
430,1,4864975.0,
431,1,4864978.0,
432,1,4864976.5,
433,1,4864967.5,
434,1,4864973.5,
435,1,4864970.0,
436,1,4864969.5,
437,1,4864969.0,
438,1,4864969.5,
439,1,4864969.5,
440,1,4864965.0,
441,1,4864965.0,
442,1,4864964.0,
443,1,4864962.5,
444,1,4864977.5,
445,1,4864979.5,
446,1,4864978.5,
447,1,4864979.5,
448,1,4864980.0,
449,1,4864983.0,
450,1,4864979.0,
451,1,4864979.0,
452,0,4864999.5,
453,0,4864975.0,
454,0,4865000.0,
455,0,4865000.0,
456,0,4865001.0,
457,0,4865000.5,
458,0,4865000.5,
459,0,4865000.5,
460,0,4865000.0,
461,0,4864999.0,
462,1,4864997.0,
463,0,4864999.0,
464,1,4864993.5,
465,1,4864997.0,
466,1,4864992.0,
467,1,4864992.0,
468,1,4864980.0,
469,1,4864982.5,
470,1,4864982.0,
471,1,4864982.5,
472,1,4864983.0,
473,1,4864955.0,
474,1,4864955.5,
475,1,4864952.5,
476,1,4864952.5,
477,1,4864957.0,
478,1,4864956.5,
479,1,4864959.0,
480,2,4864959.0,
481,1,4864964.0,
482,1,4864986.5,
483,1,4864984.5,
484,1,4864986.5,
485,2,4864986.0,
486,2,4864987.5,
487,2,4864989.5,
488,1,4864991.0,
489,1,4864991.0,
490,1,4864991.0,
491,1,4864991.0,
492,2,4864989.5,
493,2,4864931.0,
494,2,4864940.5,
495,1,4864936.0,
496,1,4864944.0,
497,1,4864953.5,
498,1,4864953.5,
499,1,4864953.5,
500,1,4864953.5,
501,1,4864957.5,
502,2,4864924.0,
503,2,4864924.0,
504,2,4864925.0,
505,2,4864925.0,
506,2,4864925.0,
507,2,4864925.0,
508,2,4864925.5,
509,2,4864925.5,
510,2,4864897.0,
511,2,4864925.0,
512,2,4864925.5,
513,2,4864925.5,
514,2,4864925.5,
515,2,4864925.5,
516,2,4864925.5,
517,2,4864923.5,
518,2,4864923.5,
519,2,4864923.5,
520,2,4864927.0,
521,2,4864926.0,
522,2,4864926.0,
523,2,4864926.5,
524,2,4864926.5,
525,2,4864926.5,
526,2,4864945.5,
527,2,4864947.5,
528,2,4864947.5,
529,1,4864952.0,
530,1,4864962.5,
531,1,4864962.5,
532,1,4864962.5,
533,1,4864964.5,
534,1,4864962.5,
535,1,4864962.5,
536,1,4864962.5,
537,1,4864962.5,
538,1,4864962.0,
539,1,4864962.5,
540,1,4864962.5,
541,1,4864962.5,
542,1,4864962.5,
543,2,4864930.0,
544,2,4864930.0,
545,2,4864928.5,
546,2,4864931.0,
547,2,4864922.0,
548,2,4864923.5,
549,2,4864923.5,
550,1,4864923.5,
551,2,4864930.0,
552,2,4864920.5,
553,2,4864929.0,
554,2,4864921.0,
555,2,4864921.0,
556,2,4864924.5,
557,2,4864925.0,
558,2,4864926.5,
559,2,4864929.5,
560,2,4864929.5,
561,2,4864929.5,
562,2,4864928.5,
563,2,4864926.5,
564,2,4864926.5,
565,2,4864926.5,
566,2,4864926.5,
567,2,4864929.0,
568,2,4864929.0,
569,2,4864938.5,
570,2,4864938.5,
571,2,4864939.0,
572,2,4864937.5,
573,2,4864937.5,
574,2,4864940.0,
575,2,4864931.5,
576,2,4864931.5,
577,2,4864931.5,
578,2,4864931.5,
579,2,4864931.5,
580,2,4864931.5,
581,2,4864931.5,
582,2,4864931.5,
583,2,4864931.5,
584,2,4864941.0,
585,2,4864941.0,
586,2,4864941.0,
587,2,4864941.0,
588,2,4864941.0,
589,2,4864941.0,
590,2,4864941.0,
591,2,4864941.0,
592,2,4864937.5,
593,2,4864951.5,
594,2,4864951.5,
595,2,4864949.5,
596,2,4864949.5,
597,2,4864957.5,
598,1,4864957.5,
599,1,4864958.5,
600,1,4864958.5,
601,1,4864958.5,
602,1,4864958.0,
603,1,4864957.0,
604,1,4864959.0,
605,1,4864959.0,
606,1,4864957.5,
607,1,4864954.5,
608,1,4864952.5,
609,1,4864952.5,
610,1,4864952.5,
611,1,4864952.5,
612,1,4864952.0,
613,1,4864944.0,
614,1,4864943.0,
615,1,4864944.0,
616,1,4864943.0,
617,1,4864943.0,
618,1,4864943.5,
619,1,4864943.5,
620,1,4864943.0,
621,1,4864943.5,
622,2,4864933.5,
623,1,4864943.5,
624,2,4864925.0,
625,2,4864923.0,
626,2,4864929.5,
627,2,4864937.0,
628,2,4864937.0,
629,2,4864938.5,
630,2,4864938.5,
631,2,4864938.5,
632,1,4864946.5,
633,1,4864946.5,
634,1,4864960.5,
635,1,4864962.5,
636,1,4864964.5,
637,1,4864960.5,
638,1,4864960.5,
639,1,4864965.0,
640,1,4864965.0,
641,1,4864965.0,
642,1,4864965.0,
643,1,4864963.0,
644,1,4864963.0,
645,1,4864963.5,
646,1,4864963.5,
647,1,4864963.0,
648,1,4864963.5,
649,1,4864963.0,
650,1,4864963.5,
651,1,4864963.0,
652,1,4864963.5,
653,2,4864928.0,
654,2,4864928.0,
655,2,4864933.5,
656,2,4864939.0,
657,2,4864939.0,
658,2,4864939.0,
659,2,4864939.0,
660,2,4864934.5,
661,2,4864934.5,
662,2,4864934.5,
663,2,4864934.0,
664,2,4864933.5,
665,2,4864932.0,
666,2,4864934.5,
667,2,4864934.0,
668,2,4864932.0,
669,2,4864932.0,
670,2,4864932.5,
671,2,4864908.0,
672,2,4864908.0,
673,2,4864908.0,
674,2,4864918.0,
675,2,4864939.5,
676,2,4864945.0,
677,2,4864945.0,
678,2,4864948.5,
679,2,4864948.5,
680,2,4864948.5,
681,2,4864948.5,
682,2,4864948.5,
683,2,4864948.5,
684,2,4864948.5,
685,2,4864948.5,
686,2,4864948.5,
687,2,4864948.5,
688,2,4864948.5,
689,2,4864948.5,
690,2,4864948.5,
691,2,4864938.0,
692,2,4864938.0,
693,2,4864938.0,
694,2,4864932.5,
695,2,4864932.5,
696,2,4864932.5,
697,2,4864938.0,
698,2,4864938.0,
699,2,4864938.0,
700,1,4864928.0,
701,1,4864938.0,
702,1,4864928.5,
703,1,4864929.0,
704,1,4864926.5,
705,1,4864927.0,
706,1,4864931.0,
707,1,4864927.0,
708,1,4864926.0,
709,1,4864928.0,
710,1,4864928.0,
711,1,4864931.0,
712,1,4864931.0,
713,1,4864931.5,
714,1,4864931.5,
715,1,4864930.5,
716,1,4864930.5,
717,1,4864931.5,
718,1,4864931.5,
719,1,4864931.5,
720,1,4864931.5,
721,1,4864931.0,
722,1,4864931.0,
723,1,4864931.5,
724,1,4864936.5,
725,1,4864935.5,
726,1,4864935.5,
727,1,4864935.5,
728,1,4864935.5,
729,1,4864937.0,
730,1,4864931.5,
731,1,4864936.5,
732,1,4864939.5,
733,1,4864937.0,
734,1,4864947.0,
735,1,4864946.0,
736,1,4864947.0,
737,1,4864946.5,
738,1,4864946.5,
739,1,4864948.5,
740,1,4864946.0,
741,1,4864946.0,
742,1,4864947.0,
743,1,4864947.0,
744,1,4864947.0,
745,1,4864952.0,
746,1,4864952.0,
747,1,4864958.0,
748,1,4864957.5,
749,1,4864957.5,
750,1,4864953.0,
751,1,4864960.5,
752,1,4864961.5,
753,1,4864960.0,
754,1,4864961.0,
755,1,4864960.5,
756,1,4864959.5,
757,1,4864960.0,
758,1,4864960.5,
759,1,4864960.0,
760,1,4864933.0,
761,1,4864932.0,
762,1,4864933.0,
763,1,4864927.5,
764,1,4864932.5,
765,1,4864932.5,
766,1,4864935.5,
767,1,4864933.0,
768,1,4864933.0,
769,1,4864932.5,
770,1,4864932.0,
771,1,4864928.5,
772,1,4864929.0,
773,1,4864930.0,
774,1,4864926.5,
775,1,4864927.5,
776,1,4864926.0,
777,1,4864927.0,
778,1,4864925.5,
779,1,4864926.5,
780,1,4864926.0,
781,1,4864920.0,
782,1,4864922.5,
783,1,4864922.5,
784,1,4864928.0,
785,1,4864928.0,
786,1,4864928.0,
787,1,4864927.5,
788,1,4864925.5,
789,1,4864926.0,
790,1,4864931.0,
791,1,4864931.5,
792,1,4864932.0,
793,1,4864932.0,
794,1,4864928.5,
795,1,4864932.0,
796,1,4864930.5,
797,1,4864928.0,
798,1,4864931.5,
799,1,4864931.0,
800,1,4864930.5,
801,1,4864935.0,
802,1,4864931.5,
803,1,4864927.0,
804,1,4864931.5,
805,1,4864931.0,
806,1,4864928.0,
807,1,4864928.0,
808,1,4864924.0,
809,1,4864927.5,
810,1,4864924.5,
811,1,4864925.0,
812,1,4864926.5,
813,1,4864926.0,
814,1,4864926.5,
815,1,4864926.0,
816,1,4864925.0,
817,1,4864927.0,
818,1,4864926.0,
819,1,4864926.0,
820,1,4864932.0,
821,1,4864925.0,
822,1,4864929.5,
823,1,4864934.0,
824,1,4864931.0,
825,1,4864927.0,
826,1,4864931.0,
827,1,4864931.5,
828,1,4864926.5,
829,1,4864933.5,
830,1,4864932.5,
831,1,4864934.0,
832,1,4864933.0,
833,1,4864935.0,
834,1,4864930.5,
835,1,4864931.5,
836,1,4864931.5,
837,1,4864931.5,
838,1,4864930.5,
839,1,4864933.0,
840,1,4864933.5,
841,1,4864932.5,
842,1,4864932.0,
843,1,4864931.0,
844,1,4864932.0,
845,1,4864932.0,
846,1,4864932.5,
847,1,4864931.5,
848,1,4864932.0,
849,1,4864932.0,
850,1,4864932.5,
851,1,4864933.0,
852,1,4864932.5,
853,1,4864931.0,
854,1,4864930.5,
855,1,4864930.5,
856,1,4864930.5,
857,1,4864933.5,
858,1,4864934.0,
859,1,4864933.5,
860,1,4864931.0,
861,1,4864931.0,
862,1,4864930.5,
863,1,4864930.5,
864,1,4864930.5,
865,1,4864931.5,
866,1,4864930.0,
867,1,4864930.0,
868,1,4864931.5,
869,1,4864929.0,
870,1,4864928.0,
871,1,4864929.5,
872,1,4864931.5,
873,1,4864931.5,
874,1,4864931.5,
875,1,4864930.0,
876,1,4864928.5,
877,1,4864932.0,
878,1,4864932.0,
879,1,4864932.0,
880,1,4864927.5,
881,1,4864923.5,
882,1,4864924.0,
883,1,4864924.5,
884,1,4864923.5,
885,1,4864926.0,
886,1,4864926.0,
887,1,4864922.5,
888,1,4864921.5,
889,1,4864923.5,
890,1,4864927.0,
891,1,4864922.5,
892,1,4864921.5,
893,1,4864925.0,
894,1,4864928.0,
895,1,4864927.0,
896,1,4864931.0,
897,1,4864928.0,
898,1,4864930.0,
899,1,4864925.0,
900,1,4864924.0,
901,1,4864924.0,
902,1,4864925.0,
903,1,4864924.0,
904,1,4864925.5,
905,1,4864925.5,
906,1,4864925.5,
907,1,4864928.0,
908,1,4864928.0,
909,1,4864924.5,
910,1,4864924.5,
911,1,4864928.0,
912,1,4864929.5,
913,1,4864929.5,
914,1,4864929.5,
915,1,4864931.0,
916,1,4864931.5,
917,1,4864932.5,
918,1,4864931.5,
919,1,4864931.5,
920,1,4864931.0,
921,1,4864933.5,
922,1,4864933.0,
923,1,4864932.5,
924,1,4864930.5,
925,1,4864933.0,
926,1,4864932.0,
927,1,4864933.0,
928,1,4864929.5,
929,1,4864931.5,
930,1,4864928.0,
931,1,4864928.5,
932,1,4864928.5,
933,1,4864924.5,
934,1,4864925.0,
935,1,4864922.0,
936,1,4864924.0,
937,1,4864921.5,
938,1,4864924.5,
939,1,4864926.0,
940,1,4864926.0,
941,1,4864925.5,
942,1,4864923.5,
943,1,4864923.5,
944,1,4864928.0,
945,1,4864930.0,
946,1,4864928.0,
947,1,4864928.0,
948,1,4864925.5,
949,1,4864925.5,
950,1,4864926.0,
951,1,4864929.0,
952,1,4864929.0,
953,1,4864929.0,
954,1,4864926.5,
955,1,4864929.5,
956,1,4864928.5,
957,1,4864922.5,
958,1,4864924.0,
959,1,4864923.5,
960,1,4864912.5,
961,1,4864912.5,
962,1,4864916.0,
963,1,4864916.0,
964,1,4864913.5,
965,1,4864914.0,
966,1,4864916.0,
967,1,4864913.5,
968,1,4864908.5,
969,1,4864911.5,
970,1,4864910.0,
971,1,4864891.5,
972,1,4864912.5,
973,1,4864912.5,
974,1,4864912.0,
975,1,4864909.5,
976,1,4864909.5,
977,1,4864911.5,
978,1,4864913.0,
979,1,4864912.0,
980,1,4864911.5,
981,1,4864911.5,
982,1,4864915.0,
983,1,4864915.5,
984,1,4864915.0,
985,1,4864915.5,
986,1,4864914.5,
987,1,4864915.5,
988,1,4864915.5,
989,1,4864915.5,
990,1,4864914.5,
991,1,4864913.5,
992,1,4864915.5,
993,1,4864907.0,
994,1,4864906.0,
995,1,4864906.5,
996,1,4864906.0,
997,1,4864907.0,
998,1,4864907.0,
999,1,4864906.0,
1000,1,4864907.5,
1001,1,4864926.5,
1002,1,4864927.5,
1003,1,4864925.0,
1004,1,4864926.5,
1005,1,4864927.0,
1006,1,4864935.0,
1007,1,4864934.5,
1008,1,4864932.5,
1009,1,4864934.0,
1010,1,4864934.5,
1011,1,4864934.0,
1012,1,4864926.5,
1013,1,4864926.5,
1014,1,4864926.5,
1015,1,4864926.5,
1016,1,4864926.5,
1017,1,4864921.5,
1018,1,4864925.5,
1019,1,4864926.5,
1020,1,4864925.5,
1021,1,4864923.0,
1022,1,4864925.0,
1023,1,4864918.0,
1024,1,4864918.0,
1025,1,4864926.5,
1026,1,4864923.0,
1027,1,4864927.0,
1028,1,4864926.5,
1029,1,4864927.0,
1030,1,4864926.5,
1031,1,4864928.5,
1032,1,4864929.0,
1033,1,4864926.5,
1034,1,4864927.5,
1035,1,4864928.5,
1036,1,4864922.0,
1037,1,4864920.0,
1038,1,4864927.5,
1039,1,4864928.5,
1040,1,4864933.5,
1041,1,4864927.0,
1042,1,4864929.5,
1043,1,4864929.5,
1044,1,4864925.0,
1045,1,4864930.5,
1046,1,4864929.0,
1047,1,4864927.5,
1048,1,4864930.5,
1049,1,4864930.5,
1050,1,4864930.0,
1051,1,4864920.5,
1052,1,4864923.5,
1053,1,4864921.5,
1054,1,4864922.0,
1055,1,4864920.0,
1056,1,4864918.5,
1057,1,4864933.5,
1058,1,4864932.5,
1059,1,4864923.5,
1060,1,4864927.5,
1061,1,4864931.5,
1062,1,4864929.5,
1063,1,4864927.0,
1064,1,4864929.0,
1065,1,4864927.5,
1066,1,4864929.0,
1067,1,4864936.5,
1068,1,4864927.5,
1069,1,4864930.0,
1070,1,4864930.5,
1071,1,4864930.0,
1072,1,4864930.0,
1073,1,4864930.0,
1074,1,4864931.0,
1075,1,4864930.5,
1076,1,4864930.0,
1077,1,4864931.5,
1078,1,4864930.5,
1079,1,4864929.0,
1080,1,4864926.0,
1081,1,4864929.5,
1082,1,4864924.0,
1083,1,4864925.0,
1084,1,4864926.0,
1085,1,4864925.5,
1086,1,4864926.5,
1087,1,4864925.0,
1088,1,4864923.5,
1089,1,4864923.5,
1090,1,4864925.0,
1091,1,4864926.5,
1092,1,4864930.5,
1093,1,4864928.5,
1094,1,4864931.5,
1095,1,4864931.0,
1096,1,4864932.5,
1097,1,4864933.0,
1098,1,4864932.0,
1099,1,4864928.0,
1100,1,4864928.0,
1101,1,4864929.5,
1102,1,4864925.0,
1103,1,4864928.0,
1104,1,4864933.0,
1105,1,4864931.5,
1106,1,4864929.5,
1107,1,4864929.5,
1108,1,4864929.5,
1109,1,4864931.5,
1110,1,4864933.5,
1111,1,4864933.5,
1112,1,4864932.0,
1113,1,4864930.5,
1114,1,4864929.5,
1115,1,4864933.0,
1116,1,4864933.0,
1117,1,4864929.0,
1118,1,4864932.5,
1119,1,4864932.5,
1120,1,4864933.0,
1121,1,4864928.5,
1122,1,4864934.0,
1123,1,4864929.0,
1124,1,4864929.0,
1125,1,4864929.0,
1126,1,4864929.0,
1127,1,4864928.5,
1128,1,4864929.0,
1129,1,4864927.5,
1130,1,4864930.5,
1131,1,4864929.0,
1132,1,4864927.5,
1133,1,4864928.5,
1134,1,4864931.5,
1135,1,4864930.5,
1136,1,4864926.5,
1137,1,4864926.5,
1138,1,4864932.0,
1139,1,4864927.0,
1140,1,4864932.5,
1141,1,4864932.5,
1142,1,4864934.5,
1143,1,4864929.5,
1144,1,4864931.5,
1145,1,4864930.5,
1146,1,4864931.5,
1147,1,4864931.5,
1148,1,4864931.0,
1149,1,4864930.0,
1150,1,4864931.5,
1151,1,4864927.5,
1152,1,4864927.0,
1153,1,4864927.0,
1154,1,4864932.5,
1155,1,4864935.5,
1156,1,4864935.5,
1157,1,4864932.0,
1158,1,4864930.5,
1159,1,4864937.0,
1160,1,4864930.0,
1161,1,4864936.5,
1162,1,4864930.0,
1163,1,4864932.0,
1164,1,4864932.0,
1165,1,4864932.0,
1166,1,4864932.0,
1167,1,4864932.0,
1168,1,4864930.5,
1169,1,4864931.0,
1170,1,4864933.0,
1171,1,4864933.0,
1172,1,4864932.5,
1173,1,4864933.5,
1174,1,4864933.5,
1175,1,4864934.5,
1176,1,4864935.0,
1177,1,4864934.5,
1178,1,4864934.5,
1179,1,4864934.5,
1180,1,4864934.5,
1181,1,4864933.5,
1182,1,4864933.0,
1183,1,4864934.0,
1184,1,4864934.0,
1185,1,4864934.0,
1186,1,4864934.5,
1187,1,4864934.0,
1188,1,4864930.0,
1189,1,4864934.0,
1190,1,4864931.5,
1191,1,4864934.5,
1192,1,4864931.0,
1193,1,4864931.0,
1194,1,4864931.0,
1195,1,4864931.5,
1196,1,4864931.0,
1197,1,4864931.0,
1198,1,4864931.5,
1199,1,4864931.0,
1200,1,4864927.0,
1201,1,4864931.5,
1202,1,4864931.5,
1203,1,4864927.0,
1204,1,4864927.0,
1205,1,4864926.5,
1206,1,4864931.0,
1207,1,4864931.0,
1208,1,4864931.0,
1209,1,4864931.5,
1210,1,4864934.0,
1211,1,4864931.0,
1212,1,4864934.0,
1213,1,4864934.0,
1214,1,4864934.0,
1215,1,4864934.0,
1216,1,4864934.0,
1217,1,4864934.0,
1218,1,4864934.0,
1219,1,4864934.0,
1220,1,4864934.0,
1221,1,4864935.0,
1222,1,4864934.5,
1223,1,4864935.0,
1224,1,4864934.5,
1225,1,4864934.5,
1226,1,4864935.0,
1227,1,4864935.0,
1228,1,4864935.0,
1229,1,4864930.5,
1230,1,4864930.0,
1231,1,4864933.5,
1232,1,4864925.5,
1233,1,4864926.0,
1234,1,4864926.0,
1235,1,4864924.0,
1236,1,4864926.0,
1237,1,4864925.5,
1238,1,4864921.5,
1239,1,4864921.5,
1240,1,4864925.5,
1241,1,4864921.5,
1242,1,4864921.0,
1243,1,4864920.5,
1244,1,4864920.5,
1245,1,4864921.0,
1246,1,4864921.0,
1247,1,4864921.0,
1248,1,4864921.0,
1249,1,4864922.0,
1250,1,4864927.5,
1251,1,4864931.0,
1252,1,4864931.5,
1253,1,4864931.5,
1254,1,4864932.0,
1255,1,4864928.5,
1256,1,4864928.0,
1257,1,4864928.5,
1258,1,4864928.5,
1259,1,4864927.0,
1260,1,4864918.5,
1261,1,4864919.5,
1262,1,4864922.0,
1263,1,4864922.0,
1264,1,4864921.5,
1265,1,4864921.5,
1266,1,4864921.5,
1267,1,4864921.5,
1268,1,4864921.5,
1269,1,4864927.0,
1270,1,4864927.0,
1271,1,4864927.0,
1272,1,4864927.0,
1273,1,4864927.0,
1274,1,4864927.0,
1275,1,4864927.0,
1276,1,4864927.0,
1277,1,4864927.0,
1278,1,4864931.5,
1279,1,4864927.0,
1280,1,4864927.0,
1281,1,4864927.0,
1282,1,4864927.0,
1283,1,4864930.0,
1284,1,4864930.0,
1285,1,4864932.5,
1286,1,4864933.0,
1287,1,4864934.5,
1288,1,4864933.0,
1289,1,4864935.0,
1290,1,4864935.0,
1291,1,4864935.0,
1292,1,4864935.0,
1293,1,4864933.0,
1294,1,4864933.0,
1295,1,4864930.0,
1296,1,4864932.5,
1297,1,4864930.0,
1298,1,4864932.5,
1299,1,4864922.0,
1300,1,4864934.5,
1301,1,4864924.0,
1302,1,4864932.0,
1303,1,4864932.0,
1304,1,4864932.0,
1305,1,4864932.0,
1306,1,4864930.0,
1307,1,4864931.5,
1308,1,4864931.5,
1309,1,4864932.0,
1310,1,4864932.0,
1311,1,4864933.0,
1312,1,4864932.5,
1313,1,4864932.5,
1314,1,4864932.5,
1315,1,4864934.0,
1316,1,4864934.0,
1317,1,4864934.0,
1318,1,4864934.0,
1319,1,4864931.5,
1320,1,4864933.5,
1321,1,4864933.0,
1322,1,4864933.5,
1323,1,4864931.0,
1324,1,4864932.5,
1325,1,4864934.5,
1326,1,4864932.5,
1327,1,4864936.5,
1328,1,4864935.5,
1329,1,4864942.0,
1330,1,4864941.0,
1331,1,4864943.5,
1332,1,4864940.5,
1333,1,4864941.5,
1334,1,4864944.5,
1335,1,4864942.0,
1336,1,4864945.0,
1337,1,4864945.0,
1338,1,4864945.0,
1339,1,4864927.5,
1340,1,4864927.5,
1341,1,4864928.5,
1342,1,4864931.5,
1343,1,4864932.0,
1344,1,4864928.5,
1345,1,4864929.5,
1346,1,4864930.5,
1347,1,4864930.0,
1348,1,4864931.0,
1349,1,4864930.5,
1350,1,4864930.5,
1351,1,4864930.5,
1352,1,4864930.5,
1353,1,4864931.0,
1354,1,4864931.0,
1355,1,4864929.0,
1356,1,4864928.5,
1357,1,4864928.5,
1358,1,4864928.0,
1359,1,4864931.0,
1360,1,4864931.5,
1361,1,4864930.0,
1362,1,4864931.0,
1363,1,4864930.5,
1364,1,4864930.0,
1365,1,4864930.0,
1366,1,4864930.5,
1367,1,4864930.5,
1368,1,4864932.0,
1369,1,4864934.5,
1370,2,4864950.5,
1371,2,4864958.0,
1372,2,4864958.0,
1373,2,4864959.5,
1374,2,4864958.0,
1375,2,4864958.0,
1376,2,4864958.0,
1377,2,4864959.5,
1378,2,4864959.5,
1379,2,4864959.5,
1380,2,4864925.0,
1381,2,4864937.5,
1382,2,4864951.0,
1383,2,4864951.0,
1384,2,4864949.0,
1385,2,4864951.0,
1386,1,4864956.5,
1387,2,4864956.5,
1388,2,4864956.5,
1389,1,4864964.0,
1390,2,4864964.0,
1391,1,4864964.5,
1392,1,4864966.5,
1393,1,4864966.0,
1394,2,4864962.0,
1395,1,4864962.0,
1396,2,4864963.0,
1397,2,4864964.0,
1398,1,4864964.5,
1399,2,4864955.5,
1400,2,4864955.5,
1401,2,4864955.5,
1402,2,4864955.5,
1403,2,4864953.5,
1404,2,4864952.5,
1405,2,4864949.0,
1406,2,4864949.0,
1407,2,4864949.0,
1408,2,4864950.0,
1409,2,4864950.0,
1410,2,4864942.5,
1411,2,4864942.0,
1412,2,4864940.5,
1413,2,4864942.0,
1414,2,4864940.5,
1415,2,4864940.5,
1416,2,4864961.5,
1417,2,4864961.5,
1418,2,4864961.0,
1419,2,4864961.0,
1420,2,4864959.0,
1421,2,4864960.0,
1422,2,4864960.0,
1423,2,4864961.0,
1424,2,4864960.5,
1425,2,4864960.0,
1426,2,4864960.5,
1427,2,4864962.0,
1428,2,4864960.5,
1429,2,4864962.0,
1430,2,4864950.0,
1431,2,4864950.0,
1432,2,4864950.0,
1433,2,4864947.5,
1434,1,4864947.5,
1435,1,4864947.5,
1436,1,4864947.5,
1437,1,4864947.5,
1438,1,4864947.5,
1439,1,4864947.5,
1440,2,4864941.0,
1441,2,4864941.0,
1442,2,4864941.0,
1443,2,4864941.0,
1444,2,4864941.0,
1445,2,4864941.0,
1446,2,4864941.0,
1447,2,4864941.0,
1448,2,4864943.5,
1449,1,4864964.0,
1450,2,4864964.0,
1451,1,4864965.0,
1452,2,4864965.5,
1453,2,4864965.5,
1454,1,4864965.5,
1455,1,4864968.5,
1456,1,4864965.5,
1457,1,4864965.5,
1458,1,4864964.0,
1459,1,4864978.0,
1460,1,4864970.0,
1461,1,4864981.5,
1462,1,4864980.5,
1463,1,4864980.5,
1464,1,4864980.5,
1465,1,4864974.0,
1466,1,4864974.0,
1467,1,4864974.0,
1468,1,4864974.0,
1469,1,4864973.5,
1470,1,4864975.0,
1471,1,4864975.0,
1472,1,4864973.0,
1473,1,4864973.0,
1474,1,4864973.5,
1475,1,4864973.0,
1476,1,4864974.0,
1477,1,4864989.0,
1478,1,4864991.5,
1479,1,4864986.5,
1480,1,4864985.5,
1481,1,4864983.5,
1482,1,4864986.5,
1483,1,4864987.0,
1484,1,4864972.5,
1485,1,4864969.5,
1486,1,4864970.5,
1487,1,4864986.5,
1488,1,4864976.5,
1489,1,4864968.0,
1490,1,4864971.0,
1491,1,4864966.0,
1492,1,4864960.0,
1493,1,4864965.0,
1494,1,4864965.0,
1495,1,4864964.5,
1496,1,4864964.5,
1497,1,4864964.5,
1498,1,4864967.5,
1499,1,4864977.0,
1500,1,4864963.5,
1501,1,4864963.5,
1502,1,4864964.5,
1503,1,4864984.0,
1504,1,4864982.5,
1505,1,4864982.5,
1506,1,4864981.5,
1507,1,4864982.5,
1508,1,4864963.5,
1509,1,4864982.5,
1510,1,4864980.0,
1511,1,4864980.0,
1512,1,4864980.0,
1513,1,4864980.0,
1514,1,4864980.0,
1515,1,4864981.5,
1516,1,4864981.5,
1517,1,4864981.5,
1518,1,4864980.0,
1519,1,4864982.5,
1520,1,4864976.0,
1521,1,4864985.0,
1522,1,4864984.0,
1523,1,4864985.0,
1524,1,4864979.0,
1525,1,4864999.5,
1526,1,4864999.0,
1527,1,4865000.0,
1528,1,4864979.0,
1529,1,4864997.5,
1530,1,4864998.5,
1531,1,4864995.0,
1532,1,4864995.0,
1533,1,4864995.0,
1534,1,4864993.0,
1535,1,4864993.0,
1536,1,4864993.0,
1537,1,4864992.5,
1538,1,4864992.5,
1539,1,4864995.5,
1540,1,4864994.5,
1541,1,4864992.5,
1542,1,4864995.5,
1543,1,4864995.5,
1544,1,4864996.5,
1545,1,4865000.0,
1546,1,4865001.0,
1547,1,4865000.5,
1548,1,4864995.0,
1549,1,4865001.0,
1550,1,4864973.5,
1551,1,4864981.5,
1552,1,4864981.5,
1553,1,4864981.5,
1554,1,4864971.0,
1555,1,4864971.0,
1556,1,4864971.0,
1557,1,4864971.0,
1558,1,4864975.5,
1559,1,4864971.0,
1560,1,4864965.5,
1561,1,4864965.5,
1562,1,4864965.5,
1563,1,4864965.5,
1564,1,4864965.5,
1565,1,4864965.5,
1566,1,4864965.5,
1567,1,4864965.5,
1568,1,4864965.5,
1569,1,4864971.0,
1570,1,4864987.5,
1571,1,4864987.5,
1572,1,4864987.5,
1573,1,4864987.0,
1574,1,4864987.5,
1575,1,4864993.0,
1576,1,4864987.5,
1577,1,4864993.0,
1578,1,4864996.5,
1579,1,4864991.0,
1580,1,4864999.0,
1581,1,4864994.5,
1582,1,4864998.5,
1583,1,4864994.5,
1584,1,4864994.5,
1585,1,4864998.5,
1586,1,4864999.0,
1587,1,4864993.5,
1588,1,4865002.0,
1589,1,4864989.0,
1590,1,4864984.0,
1591,1,4864966.5,
1592,1,4864971.5,
1593,1,4864965.5,
1594,1,4864965.5,
1595,1,4864977.5,
1596,1,4864977.5,
1597,1,4864977.5,
1598,1,4864977.0,
1599,1,4864977.0,
1600,1,4864978.0,
1601,1,4864978.0,
1602,1,4864988.5,
1603,1,4864987.5,
1604,1,4864978.5,
1605,1,4864978.5,
1606,1,4864983.0,
1607,1,4864983.0,
1608,1,4864983.0,
1609,1,4864983.0,
1610,1,4864982.0,
1611,1,4864982.0,
1612,1,4864981.0,
1613,1,4864981.0,
1614,1,4864981.0,
1615,1,4864981.0,
1616,1,4864981.0,
1617,1,4864981.0,
1618,1,4864981.0,
1619,1,4864900.0,
1620,1,4864901.5,
1621,1,4864929.5,
1622,1,4864924.5,
1623,1,4864914.5,
1624,1,4864921.5,
1625,1,4864926.5,
1626,1,4864932.0,
1627,1,4864952.0,
1628,1,4864933.5,
1629,1,4864923.0,
1630,1,4864928.0,
1631,1,4864926.0,
1632,1,4864930.0,
1633,1,4864930.5,
1634,1,4864925.0,
1635,1,4864925.0,
1636,1,4864926.0,
1637,1,4864934.0,
1638,1,4864938.0,
1639,1,4864897.0,
1640,1,4864899.5,
1641,2,4864953.5,
1642,1,4864956.0,
1643,2,4864942.5,
1644,2,4864924.0,
1645,2,4864937.0,
1646,2,4864938.5,
1647,2,4864946.5,
1648,0,4864950.5,
1649,2,4864936.0,
1650,2,4864943.5,
1651,0,4864957.0,
1652,1,4864979.5,
1653,2,4864937.5,
1654,0,4864955.0,
1655,1,4864938.0,
1656,1,4864940.0,
1657,1,4864938.0,
1658,1,4864971.0,
1659,1,4864972.5,
1660,1,4864978.5,
1661,1,4864980.0,
1662,1,4864978.0,
1663,1,4864993.5,
1664,1,4864970.0,
1665,1,4864992.5,
1666,1,4864999.5,
1667,1,4864995.5,
1668,1,4864973.5,
1669,1,4864981.5,
1670,1,4864983.0,
1671,1,4864989.0,
1672,1,4865015.0,
1673,1,4864982.5,
1674,1,4864989.0,
1675,1,4864980.0,
1676,1,4864957.0,
1677,1,4865021.0,
1678,1,4864995.5,
1679,1,4864980.0,
1680,1,4864981.5,
1681,1,4864982.5,
1682,1,4864984.0,
1683,1,4864991.0,
1684,1,4864983.5,
1685,1,4864984.5,
1686,1,4864995.0,
1687,1,4864966.5,
1688,1,4864965.5,
1689,1,4864978.0,
1690,1,4864955.5,
1691,1,4864962.0,
1692,1,4864980.0,
1693,1,4864956.5,
1694,1,4864971.5,
1695,1,4864968.0,
1696,1,4864974.5,
1697,1,4864971.5,
1698,1,4864975.5,
1699,1,4864978.5,
1700,1,4864961.5,
1701,1,4864969.0,
1702,1,4864968.5,
1703,1,4864971.5,
1704,1,4864955.0,
1705,1,4864975.0,
1706,1,4864962.0,
1707,1,4864971.5,
1708,1,4864983.0,
1709,1,4864987.0,
1710,1,4864978.5,
1711,1,4864960.5,
1712,1,4864987.0,
1713,1,4864964.0,
1714,1,4864982.0,
1715,1,4864983.0,
1716,1,4864990.0,
1717,1,4864982.0,
1718,1,4864983.0,
1719,1,4864979.0,
1720,1,4864982.5,
1721,1,4864985.5,
1722,1,4864978.0,
1723,1,4864980.0,
1724,1,4864982.5,
1725,1,4864985.0,
1726,1,4864981.5,
1727,1,4864982.5,
1728,1,4864987.5,
1729,1,4864984.0,
1730,1,4864985.0,
1731,1,4864987.5,
1732,1,4864984.5,
1733,1,4864982.0,
1734,1,4864982.0,
1735,1,4864985.5,
1736,1,4864966.0,
1737,1,4864965.5,
1738,1,4864971.0,
1739,1,4864969.0,
1740,1,4864968.5,
1741,1,4864979.5,
1742,1,4864980.5,
1743,1,4864982.5,
1744,1,4864982.0,
1745,1,4864975.5,
1746,1,4864978.0,
1747,1,4864990.0,
1748,1,4864982.5,
1749,1,4864980.5,
1750,1,4864981.5,
1751,1,4864981.5,
1752,1,4864982.5,
1753,1,4864984.0,
1754,1,4864980.5,
1755,1,4864980.5,
1756,1,4864980.5,
1757,1,4864983.0,
1758,1,4864984.5,
1759,1,4864985.5,
1760,1,4864982.5,
1761,1,4864983.5,
1762,1,4864984.5,
1763,1,4864983.5,
1764,1,4864983.5,
1765,1,4864985.0,
1766,1,4864982.5,
1767,1,4864986.0,
1768,1,4864998.5,
1769,1,4864983.5,
1770,1,4864990.5,
1771,1,4864990.5,
1772,1,4864987.0,
1773,1,4864983.5,
1774,1,4864996.5,
1775,2,4864939.5,
1776,2,4864933.5,
1777,1,4864928.0,
1778,1,4864953.0,
1779,1,4864930.5,
1780,1,4864931.5,
1781,1,4864927.5,
1782,1,4864928.5,
1783,1,4864930.5,
1784,1,4864931.0,
1785,1,4864930.5,
1786,1,4864927.5,
1787,1,4864928.5,
1788,1,4864929.0,
1789,1,4864941.0,
1790,1,4864927.0,
1791,1,4864927.5,
1792,1,4864927.0,
1793,1,4864927.0,
1794,1,4864927.5,
1795,1,4864929.5,
1796,1,4864925.5,
1797,1,4864934.0,
1798,1,4864920.5,
1799,1,4864930.5,
1800,1,4864932.5,
1801,1,4864923.5,
1802,1,4864933.0,
1803,1,4864933.0,
1804,1,4864925.5,
1805,1,4864933.5,
1806,1,4864926.5,
1807,1,4864928.5,
1808,1,4864927.0,
1809,1,4864921.5,
1810,1,4864919.0,
1811,1,4864930.5,
1812,1,4864923.5,
1813,1,4864912.0,
1814,1,4864931.0,
1815,1,4864925.5,
1816,1,4864925.0,
1817,1,4864936.0,
1818,1,4864926.5,
1819,1,4864921.5,
1820,1,4864927.0,
1821,1,4864927.0,
1822,1,4864927.0,
1823,1,4864926.5,
1824,1,4864932.5,
1825,1,4864932.0,
1826,1,4864930.5,
1827,1,4864931.0,
1828,1,4864932.5,
1829,1,4864926.0,
1830,1,4864932.0,
1831,1,4864929.5,
1832,1,4864931.5,
1833,1,4864932.5,
1834,1,4864934.5,
1835,1,4864932.0,
1836,1,4864930.0,
1837,1,4864930.0,
1838,1,4864931.0,
1839,1,4864944.0,
1840,1,4864930.5,
1841,1,4864945.0,
1842,1,4864930.5,
1843,1,4864931.0,
1844,1,4864932.5,
1845,1,4864930.0,
1846,1,4864932.5,
1847,1,4864932.0,
1848,1,4864932.0,
1849,1,4864930.0,
1850,1,4864931.5,
1851,1,4864930.5,
1852,1,4864932.0,
1853,1,4864931.5,
1854,1,4864926.0,
1855,1,4864931.5,
1856,1,4864932.0,
1857,1,4864932.5,
1858,1,4864931.5,
1859,1,4864946.5,
1860,1,4864946.5,
1861,1,4864945.0,
1862,1,4864932.5,
1863,1,4864932.5,
1864,1,4864933.0,
1865,1,4864932.5,
1866,1,4864932.5,
1867,1,4864933.0,
1868,1,4864932.5,
1869,1,4864932.0,
1870,1,4864933.5,
1871,1,4864933.5,
1872,1,4864933.0,
1873,1,4864932.0,
1874,1,4864946.5,
1875,1,4864933.0,
1876,1,4864946.0,
1877,1,4864926.0,
1878,1,4864929.0,
1879,1,4864934.0,
1880,1,4864932.5,
1881,1,4864932.0,
1882,1,4864931.5,
1883,1,4864933.5,
1884,1,4864932.0,
1885,1,4864932.5,
1886,1,4864933.0,
1887,1,4864928.5,
1888,1,4864932.0,
1889,1,4864929.0,
1890,1,4864931.0,
1891,1,4864933.0,
1892,1,4864931.0,
1893,1,4864931.5,
1894,1,4864927.0,
1895,1,4864931.5,
1896,1,4864931.5,
1897,1,4864931.5,
1898,1,4864931.5,
1899,1,4864931.5,
1900,1,4864932.0,
1901,1,4864931.5,
1902,1,4864929.0,
1903,1,4864930.5,
1904,1,4864930.5,
1905,1,4864932.5,
1906,1,4864933.5,
1907,2,4864932.5,
1908,1,4864929.0,
1909,1,4864929.5,
1910,1,4864927.5,
1911,1,4864929.0,
1912,1,4864928.5,
1913,1,4864929.5,
1914,1,4864929.0,
1915,1,4864928.5,
1916,1,4864928.0,
1917,1,4864928.0,
1918,1,4864928.5,
1919,1,4864929.0,
1920,1,4864935.0,
1921,1,4864934.0,
1922,1,4864939.0,
1923,1,4864939.0,
1924,1,4864939.0,
1925,1,4864938.5,
1926,1,4864939.5,
1927,1,4864955.0,
1928,1,4864950.5,
1929,1,4864950.5,
1930,1,4864946.5,
1931,1,4864954.0,
1932,1,4864955.5,
1933,1,4864949.0,
1934,1,4864949.5,
1935,1,4864953.0,
1936,1,4864949.5,
1937,1,4864935.5,
1938,1,4864927.5,
1939,1,4864944.0,
1940,1,4864935.5,
1941,1,4864927.5,
1942,1,4864948.0,
1943,1,4864935.5,
1944,1,4864935.5,
1945,1,4864935.5,
1946,1,4864935.5,
1947,1,4864937.0,
1948,1,4864936.5,
1949,1,4864932.5,
1950,1,4864935.5,
1951,1,4864943.0,
1952,1,4864937.5,
1953,1,4864928.0,
1954,1,4864937.0,
1955,1,4864935.0,
1956,1,4864930.0,
1957,1,4864943.0,
1958,1,4864941.5,
1959,1,4864943.0,
1960,1,4864948.0,
1961,2,4864939.0,
1962,1,4864945.5,
1963,1,4864946.5,
1964,1,4864952.0,
1965,1,4864950.5,
1966,1,4864956.5,
1967,1,4864950.5,
1968,2,4864960.5,
1969,2,4864945.5,
1970,2,4864941.5,
1971,1,4864937.0,
1972,1,4864960.5,
1973,2,4864950.5,
1974,2,4864952.0,
1975,1,4864970.5,
1976,1,4864961.0,
1977,1,4864978.0,
1978,1,4864970.5,
1979,1,4864962.5,
1980,1,4864974.5,
1981,1,4864957.5,
1982,1,4864962.0,
1983,1,4864965.5,
1984,1,4864968.5,
1985,1,4864970.0,
1986,1,4864973.0,
1987,1,4864966.0,
1988,1,4864972.0,
1989,1,4864980.5,
1990,1,4864977.0,
1991,1,4864975.5,
1992,1,4864975.5,
1993,1,4864964.5,
1994,1,4864972.5,
1995,2,4864971.0,
1996,2,4864971.5,
1997,2,4864965.5,
1998,2,4864983.0,
1999,1,4864963.5,
2000,1,4864968.0,
2001,1,4864967.0,
2002,1,4864968.0,
2003,1,4864968.0,
2004,1,4864967.5,
2005,1,4864951.0,
2006,1,4864967.5,
2007,1,4864967.5,
2008,1,4864949.5,
2009,1,4864971.5,
2010,1,4864973.5,
2011,1,4864960.0,
2012,1,4864971.0,
2013,1,4864963.0,
2014,1,4864970.0,
2015,1,4864958.0,
2016,1,4864946.5,
2017,1,4864956.5,
2018,1,4864975.5,
2019,1,4864967.5,
2020,1,4864970.5,
2021,1,4864969.5,
2022,1,4864968.0,
2023,1,4864946.0,
2024,1,4864972.5,
2025,1,4864970.0,
2026,1,4864970.5,
2027,1,4864973.5,
2028,1,4864970.5,
2029,1,4864972.0,
2030,1,4864968.0,
2031,1,4864970.0,
2032,1,4864974.5,
2033,1,4864980.5,
2034,1,4864977.5,
2035,1,4864988.5,
2036,1,4864984.0,
2037,1,4864975.5,
2038,1,4864970.5,
2039,1,4864972.5,
2040,1,4864977.5,
2041,1,4864972.5,
2042,1,4864988.5,
2043,1,4864974.5,
2044,1,4864977.5,
2045,1,4864975.5,
2046,1,4864982.5,
2047,1,4864984.5,
2048,1,4864985.0,
2049,1,4864984.0,
2050,1,4864983.5,
2051,1,4864984.5,
2052,1,4864982.0,
2053,1,4864984.5,
2054,1,4864981.0,
2055,1,4864972.0,
2056,1,4864972.0,
2057,1,4864983.0,
2058,1,4864981.5,
2059,1,4864972.0,
2060,1,4864987.5,
2061,1,4864981.5,
2062,1,4864981.5,
2063,1,4864984.0,
2064,1,4864979.5,
2065,1,4864978.0,
2066,1,4864986.5,
2067,1,4864966.5,
2068,1,4864983.5,
2069,1,4864978.5,
2070,1,4864987.0,
2071,1,4864983.5,
2072,1,4864988.0,
2073,1,4864979.5,
2074,1,4864975.0,
2075,1,4864970.0,
2076,1,4864980.5,
2077,1,4864965.5,
2078,1,4864970.5,
2079,1,4864977.5,
2080,1,4864961.5,
2081,1,4864982.0,
2082,1,4864961.5,
2083,1,4864958.0,
2084,1,4864970.0,
2085,1,4864971.5,
2086,1,4864980.0,
2087,1,4864982.5,
2088,1,4864982.5,
2089,1,4864995.0,
2090,2,4864932.5,
2091,2,4864932.5,
2092,2,4864932.5,
2093,2,4864932.5,
2094,2,4864932.5,
2095,2,4864932.5,
2096,2,4864932.5,
2097,2,4864932.5,
2098,2,4864932.5,
2099,2,4864932.5,
2100,2,4864932.5,
2101,2,4864932.5,
2102,2,4864932.5,
2103,2,4864932.5,
2104,2,4864932.5,
2105,2,4864932.5,
2106,2,4864911.5,
2107,2,4864918.0,
2108,2,4864936.0,
2109,2,4864936.0,
2110,2,4864936.0,
2111,2,4864939.0,
2112,2,4864939.5,
2113,2,4864939.0,
2114,2,4864925.5,
2115,2,4864925.5,
2116,2,4864925.5,
2117,2,4864925.5,
2118,2,4864925.5,
2119,2,4864925.5,
2120,2,4864925.5,
2121,2,4864925.5,
2122,2,4864925.5,
2123,2,4864925.5,
2124,2,4864925.5,
2125,2,4864925.5,
2126,2,4864925.5,
2127,2,4864925.5,
2128,2,4864914.0,
2129,2,4864914.0,
2130,2,4864925.5,
2131,2,4864925.5,
2132,2,4864925.5,
2133,2,4864925.5,
2134,2,4864925.5,
2135,2,4864925.5,
2136,2,4864925.5,
2137,2,4864925.5,
2138,2,4864925.5,
2139,2,4864925.5,
2140,2,4864925.5,
2141,2,4864925.5,
2142,2,4864931.0,
2143,2,4864931.0,
2144,2,4864931.0,
2145,2,4864931.0,
2146,2,4864938.5,
2147,2,4864938.5,
2148,2,4864938.5,
2149,2,4864938.5,
2150,2,4864938.5,
2151,2,4864938.5,
2152,2,4864938.5,
2153,2,4864938.5,
2154,2,4864938.5,
2155,2,4864944.0,
2156,2,4864944.0,
2157,2,4864944.0,
2158,2,4864942.5,
2159,2,4864942.5,
2160,2,4864942.0,
2161,2,4864943.5,
2162,2,4864937.5,
2163,2,4864931.5,
2164,2,4864931.5,
2165,2,4864931.5,
2166,2,4864935.0,
2167,2,4864935.0,
2168,2,4864941.0,
2169,2,4864941.0,
2170,2,4864941.0,
2171,1,4864973.0,
2172,1,4864968.0,
2173,1,4864988.5,
2174,1,4865007.5,
2175,2,4864947.5,
2176,1,4864892.0,
2177,1,4864889.5,
2178,1,4864889.5,
2179,1,4864902.0,
2180,1,4864903.0,
2181,1,4864906.5,
2182,1,4864903.0,
2183,1,4864891.5,
2184,1,4864906.0,
2185,1,4864906.5,
2186,1,4864906.5,
2187,1,4864906.5,
2188,1,4864885.5,
2189,1,4864905.5,
2190,1,4864894.0,
2191,1,4864890.0,
2192,1,4864897.5,
2193,1,4864914.5,
2194,1,4864898.5,
2195,1,4864907.0,
2196,1,4864915.5,
2197,1,4864901.5,
2198,1,4864910.5,
2199,1,4864902.5,
2200,1,4864902.0,
2201,1,4864910.0,
2202,1,4864898.0,
2203,1,4864899.5,
2204,1,4864898.5,
2205,1,4864907.0,
2206,1,4864912.0,
2207,1,4864910.5,
2208,1,4864909.5,
2209,1,4864911.5,
2210,1,4864911.5,
2211,1,4864910.0,
2212,1,4864907.0,
2213,1,4864907.0,
2214,1,4864914.5,
2215,1,4864906.5,
2216,1,4864906.5,
2217,1,4864906.5,
2218,1,4864908.0,
2219,1,4864910.0,
2220,1,4864910.0,
2221,1,4864910.5,
2222,1,4864913.0,
2223,1,4864903.5,
2224,1,4864908.0,
2225,1,4864905.5,
2226,1,4864905.0,
2227,1,4864910.0,
2228,1,4864904.5,
2229,1,4864898.5,
2230,1,4864905.0,
2231,1,4864909.5,
2232,1,4864905.0,
2233,1,4864906.5,
2234,1,4864914.5,
2235,1,4864914.5,
2236,1,4864906.0,
2237,1,4864908.0,
2238,1,4864913.0,
2239,1,4864909.5,
2240,1,4864912.5,
2241,1,4864911.5,
2242,1,4864912.5,
2243,1,4864914.5,
2244,1,4864914.5,
2245,1,4864912.0,
2246,1,4864913.5,
2247,1,4864911.5,
2248,1,4864911.5,
2249,1,4864923.5,
2250,1,4864922.0,
2251,1,4864904.5,
2252,1,4864910.0,
2253,1,4864907.5,
2254,1,4864902.5,
2255,1,4864903.5,
2256,1,4864913.0,
2257,1,4864912.5,
2258,1,4864903.5,
2259,1,4864904.5,
2260,1,4864910.5,
2261,1,4864905.5,
2262,1,4864909.5,
2263,1,4864910.5,
2264,1,4864911.5,
2265,1,4864903.0,
2266,1,4864913.5,
2267,1,4864912.0,
2268,1,4864912.5,
2269,1,4864912.5,
2270,1,4864912.5,
2271,1,4864914.0,
2272,1,4864914.0,
2273,1,4864914.0,
2274,1,4864913.5,
2275,1,4864913.5,
2276,1,4864917.0,
2277,1,4864911.0,
2278,1,4864911.5,
2279,1,4864900.5,
2280,1,4864913.5,
2281,1,4864915.5,
2282,1,4864911.5,
2283,1,4864899.0,
2284,1,4864913.0,
2285,1,4864905.5,
2286,1,4864904.0,
2287,1,4864905.5,
2288,1,4864911.0,
2289,1,4864909.0,
2290,1,4864917.0,
2291,1,4864910.5,
2292,1,4864907.5,
2293,1,4864912.5,
2294,1,4864912.0,
2295,1,4864909.5,
2296,1,4864914.5,
2297,1,4864917.0,
2298,1,4864899.0,
2299,1,4864899.0,
2300,1,4864898.5,
2301,1,4864896.0,
2302,1,4864896.0,
2303,1,4864896.0,
2304,1,4864896.0,
2305,1,4864896.0,
2306,1,4864899.0,
2307,1,4864930.0,
2308,1,4864894.0,
2309,1,4864927.5,
2310,1,4864900.5,
2311,1,4864904.5,
2312,1,4864911.0,
2313,1,4864909.5,
2314,1,4864903.5,
2315,1,4864907.0,
2316,1,4864914.5,
2317,1,4864911.0,
2318,1,4864910.0,
2319,1,4864910.5,
2320,1,4864904.5,
2321,1,4864917.5,
2322,1,4864910.5,
2323,1,4864930.0,
2324,1,4864930.5,
2325,1,4864929.0,
2326,1,4864914.5,
2327,1,4864900.5,
2328,1,4864914.5,
2329,1,4864916.5,
2330,1,4864909.5,
2331,1,4864914.5,
2332,1,4864916.0,
2333,1,4864920.5,
2334,1,4864913.5,
2335,1,4864913.5,
2336,1,4864907.0,
2337,1,4864909.5,
2338,1,4864890.0,
2339,1,4864931.0,
2340,1,4864934.5,
2341,1,4864918.5,
2342,1,4864916.5,
2343,1,4864916.5,
2344,1,4864917.5,
2345,1,4864917.0,
2346,1,4864917.5,
2347,1,4864915.5,
2348,1,4864909.0,
2349,1,4864920.0,
2350,1,4864916.0,
2351,1,4864921.0,
2352,1,4864917.5,
2353,1,4864923.5,
2354,1,4864911.0,
2355,1,4864911.0,
2356,1,4864914.5,
2357,1,4864918.0,
2358,1,4864909.0,
2359,1,4864916.0,
2360,1,4864917.0,
2361,1,4864917.0,
2362,1,4864917.0,
2363,1,4864916.5,
2364,1,4864917.0,
2365,1,4864918.0,
2366,1,4864915.5,
2367,1,4864915.5,
2368,1,4864914.5,
2369,1,4864916.0,
2370,1,4864900.5,
2371,1,4864917.0,
2372,1,4864915.5,
2373,1,4864916.5,
2374,1,4864915.0,
2375,1,4864896.5,
2376,1,4864914.0,
2377,1,4864909.0,
2378,1,4864911.5,
2379,1,4864918.0,
2380,1,4864917.5,
2381,1,4864910.0,
2382,1,4864908.5,
2383,1,4864916.0,
2384,1,4864911.5,
2385,1,4864912.0,
2386,1,4864924.5,
2387,1,4864919.5,
2388,1,4864917.5,
2389,1,4864922.5,
2390,1,4864923.0,
2391,1,4864923.5,
2392,1,4864918.0,
2393,1,4864926.5,
2394,1,4864925.5,
2395,1,4864920.0,
2396,1,4864925.5,
2397,1,4864927.5,
2398,1,4864928.5,
2399,1,4864928.5,
2400,1,4864919.5,
2401,1,4864918.5,
2402,1,4864929.5,
2403,1,4864930.0,
2404,1,4864921.5,
2405,1,4864924.0,
2406,1,4864913.5,
2407,1,4864927.5,
2408,1,4864909.5,
2409,1,4864929.5,
2410,1,4864913.5,
2411,1,4864925.0,
2412,1,4864911.0,
2413,1,4864940.0,
2414,1,4864937.5,
2415,1,4864918.0,
2416,1,4864928.0,
2417,1,4864922.0,
2418,1,4864926.5,
2419,1,4864921.5,
2420,1,4864937.5,
2421,1,4864929.5,
2422,1,4864920.0,
2423,1,4864929.0,
2424,1,4864922.0,
2425,1,4864923.0,
2426,1,4864923.0,
2427,1,4864928.5,
2428,1,4864924.0,
2429,1,4864921.0,
2430,1,4864926.0,
2431,1,4864928.5,
2432,1,4864924.5,
2433,1,4864926.0,
2434,1,4864930.5,
2435,1,4864920.5,
2436,1,4864927.0,
2437,1,4864923.5,
2438,1,4864926.0,
2439,1,4864926.0,
2440,1,4864926.0,
2441,1,4864925.5,
2442,1,4864926.0,
2443,1,4864925.5,
2444,1,4864925.0,
2445,1,4864922.0,
2446,1,4864930.5,
2447,1,4864928.0,
2448,1,4864930.5,
2449,1,4864931.0,
2450,1,4864930.5,
2451,1,4864932.5,
2452,1,4864931.5,
2453,1,4864925.0,
2454,1,4864933.0,
2455,1,4864932.0,
2456,1,4864931.0,
2457,1,4864930.5,
2458,1,4864931.0,
2459,1,4864931.5,
2460,1,4864931.5,
2461,1,4864928.0,
2462,1,4864928.0,
2463,1,4864922.0,
2464,1,4864929.0,
2465,1,4864920.0,
2466,1,4864931.5,
2467,1,4864930.5,
2468,1,4864931.0,
2469,1,4864935.5,
2470,1,4864941.5,
2471,1,4864927.5,
2472,1,4864927.0,
2473,1,4864918.0,
2474,1,4864931.0,
2475,1,4864928.5,
2476,1,4864935.5,
2477,1,4864939.0,
2478,1,4864923.5,
2479,1,4864927.0,
2480,1,4864933.0,
2481,1,4864933.5,
2482,1,4864934.5,
2483,1,4864934.0,
2484,1,4864934.0,
2485,1,4864934.0,
2486,1,4864928.5,
2487,1,4864933.5,
2488,1,4864932.0,
2489,1,4864932.0,
2490,1,4864934.0,
2491,1,4864933.5,
2492,1,4864933.0,
2493,1,4864932.5,
2494,1,4864934.5,
2495,1,4864934.5,
2496,1,4864932.0,
2497,1,4864931.0,
2498,1,4864927.5,
2499,1,4864924.5,
2500,1,4864935.5,
2501,1,4864934.0,
2502,1,4864934.5,
2503,1,4864934.5,
2504,1,4864936.0,
2505,1,4864945.0,
2506,1,4864928.0,
2507,1,4864928.0,
2508,1,4864929.0,
2509,1,4864929.0,
2510,1,4864934.0,
2511,1,4864927.5,
2512,1,4864927.5,
2513,1,4864938.0,
2514,1,4864927.5,
2515,1,4864927.5,
2516,1,4864927.5,
2517,1,4864943.5,
2518,1,4864949.0,
2519,1,4864949.5,
2520,1,4864967.5,
2521,1,4864956.0,
2522,1,4864949.5,
2523,1,4864949.5,
2524,1,4864930.0,
2525,1,4864938.0,
2526,1,4864948.5,
2527,1,4864946.5,
2528,1,4864932.5,
2529,1,4864934.0,
2530,1,4864946.5,
2531,1,4864950.5,
2532,1,4864934.5,
2533,1,4864934.5,
2534,1,4864943.0,
2535,1,4864935.0,
2536,1,4864926.5,
2537,1,4864933.0,
2538,1,4864934.5,
2539,1,4864935.0,
2540,1,4864935.0,
2541,1,4864933.5,
2542,1,4864933.5,
2543,1,4864933.5,
2544,1,4864932.0,
2545,1,4864924.0,
2546,1,4864930.0,
2547,1,4864931.0,
2548,1,4864933.5,
2549,1,4864937.0,
2550,1,4864959.0,
2551,1,4864933.0,
2552,1,4864932.5,
2553,1,4864924.5,
2554,1,4864927.0,
2555,1,4864931.0,
2556,1,4864933.5,
2557,1,4864926.0,
2558,1,4864932.5,
2559,1,4864933.5,
2560,1,4864934.5,
2561,1,4864946.0,
2562,1,4864935.0,
2563,1,4864927.0,
2564,1,4864930.0,
2565,1,4864922.5,
2566,1,4864930.5,
2567,1,4864927.5,
2568,1,4864932.5,
2569,1,4864930.0,
2570,1,4864931.0,
2571,1,4864929.5,
2572,1,4864927.5,
2573,1,4864924.0,
2574,1,4864925.5,
2575,1,4864927.5,
2576,1,4864932.0,
2577,1,4864931.0,
2578,1,4864932.0,
2579,1,4864931.0,
2580,1,4864929.5,
2581,1,4864922.5,
2582,1,4864932.0,
2583,1,4864923.5,
2584,1,4864928.5,
2585,1,4864930.5,
2586,1,4864928.5,
2587,1,4864928.0,
2588,1,4864923.0,
2589,1,4864925.0,
2590,1,4864930.0,
2591,1,4864920.5,
2592,1,4864934.0,
2593,1,4864934.5,
2594,1,4864929.0,
2595,1,4864926.5,
2596,1,4864926.0,
2597,1,4864926.0,
2598,1,4864923.5,
2599,1,4864923.5,
2600,1,4864931.0,
2601,1,4864928.5,
2602,1,4864926.5,
2603,1,4864927.0,
2604,1,4864927.0,
2605,1,4864923.0,
2606,1,4864926.5,
2607,1,4864925.0,
2608,1,4864930.5,
2609,1,4864930.5,
2610,1,4864929.5,
2611,1,4864928.5,
2612,1,4864925.5,
2613,1,4864926.5,
2614,1,4864928.5,
2615,1,4864926.5,
2616,1,4864927.0,
2617,1,4864925.5,
2618,1,4864925.0,
2619,1,4864929.0,
2620,1,4864930.5,
2621,1,4864927.0,
2622,1,4864924.5,
2623,1,4864925.5,
2624,1,4864926.0,
2625,1,4864930.5,
2626,1,4864934.5,
2627,1,4864930.5,
2628,1,4864928.5,
2629,1,4864936.0,
2630,1,4864931.5,
2631,1,4864932.5,
2632,1,4864930.5,
2633,1,4864931.0,
2634,1,4864935.0,
2635,1,4864935.5,
2636,1,4864932.5,
2637,1,4864934.5,
2638,1,4864928.5,
2639,1,4864933.5,
2640,1,4864933.0,
2641,1,4864935.5,
2642,1,4864931.0,
2643,1,4864932.5,
2644,1,4864940.5,
2645,1,4864938.5,
2646,1,4864938.0,
2647,1,4864933.0,
2648,1,4864934.0,
2649,1,4864950.0,
2650,1,4864935.0,
2651,1,4864932.5,
2652,1,4864932.5,
2653,1,4864932.5,
2654,1,4864932.0,
2655,1,4864932.0,
2656,1,4864919.0,
2657,1,4864930.5,
2658,1,4864930.5,
2659,1,4864920.5,
2660,1,4864932.0,
2661,1,4864922.5,
2662,1,4864932.0,
2663,1,4864920.5,
2664,1,4864931.5,
2665,1,4864920.5,
2666,1,4864926.5,
2667,1,4864934.0,
2668,1,4864926.0,
2669,1,4864929.0,
2670,1,4864933.0,
2671,1,4864934.5,
2672,1,4864930.5,
2673,1,4864936.0,
2674,1,4864935.0,
2675,1,4864945.5,
2676,1,4864947.5,
2677,1,4864920.0,
2678,1,4864923.0,
2679,1,4864921.0,
2680,1,4864924.5,
2681,1,4864928.0,
2682,1,4864919.5,
2683,1,4864922.0,
2684,1,4864927.5,
2685,1,4864929.5,
2686,1,4864928.5,
2687,1,4864928.5,
2688,1,4864924.5,
2689,1,4864928.0,
2690,1,4864930.0,
2691,1,4864927.0,
2692,1,4864935.5,
2693,1,4864932.0,
2694,1,4864932.0,
2695,1,4864943.5,
2696,1,4864930.0,
2697,1,4864946.0,
2698,1,4864933.0,
2699,1,4864932.5,
2700,1,4864933.0,
2701,1,4864933.0,
2702,1,4864933.0,
2703,1,4864932.0,
2704,1,4864932.5,
2705,1,4864932.5,
2706,1,4864932.0,
2707,1,4864932.0,
2708,1,4864931.5,
2709,1,4864929.5,
2710,1,4864926.5,
2711,1,4864925.0,
2712,1,4864925.0,
2713,1,4864928.5,
2714,1,4864929.0,
2715,1,4864927.0,
2716,1,4864928.0,
2717,1,4864929.0,
2718,1,4864928.5,
2719,1,4864928.0,
2720,1,4864929.5,
2721,1,4864927.5,
2722,1,4864929.0,
2723,1,4864913.5,
2724,1,4864925.0,
2725,1,4864930.0,
2726,1,4864925.0,
2727,1,4864933.0,
2728,1,4864932.5,
2729,1,4864928.0,
2730,1,4864931.5,
2731,1,4864905.0,
2732,1,4864905.5,
2733,1,4864927.0,
2734,1,4864931.5,
2735,1,4864928.5,
2736,1,4864925.0,
2737,1,4864930.5,
2738,1,4864929.0,
2739,1,4864930.5,
2740,1,4864927.5,
2741,1,4864930.5,
2742,1,4864924.0,
2743,1,4864930.5,
2744,1,4864923.0,
2745,1,4864927.0,
2746,1,4864930.5,
2747,1,4864927.0,
2748,1,4864931.5,
2749,1,4864931.5,
2750,1,4864923.5,
2751,1,4864924.5,
2752,1,4864931.5,
2753,1,4864921.5,
2754,1,4864931.5,
2755,1,4864912.5,
2756,1,4864928.5,
2757,1,4864922.0,
2758,1,4864925.0,
2759,1,4864912.5,
2760,1,4864925.0,
2761,1,4864925.0,
2762,1,4864925.0,
2763,1,4864926.0,
2764,1,4864926.0,
2765,1,4864925.0,
2766,1,4864925.0,
2767,1,4864927.0,
2768,1,4864922.0,
2769,1,4864932.0,
2770,1,4864926.0,
2771,1,4864925.0,
2772,1,4864926.5,
2773,1,4864904.5,
2774,1,4864927.0,
2775,1,4864925.0,
2776,1,4864925.0,
2777,1,4864925.0,
2778,1,4864928.5,
2779,1,4864924.5,
2780,1,4864904.0,
2781,1,4864923.0,
2782,1,4864923.5,
2783,1,4864926.0,
2784,1,4864922.5,
2785,1,4864923.5,
2786,1,4864929.0,
2787,1,4864923.5,
2788,1,4864923.0,
2789,1,4864919.5,
2790,1,4864927.0,
2791,1,4864926.5,
2792,1,4864924.5,
2793,1,4864929.5,
2794,1,4864920.5,
2795,1,4864930.0,
2796,1,4864927.0,
2797,1,4864927.5,
2798,1,4864927.0,
2799,1,4864928.5,
2800,1,4864929.5,
2801,1,4864927.5,
2802,1,4864928.5,
2803,1,4864938.0,
2804,0,4864924.5,
2805,1,4864929.5,
2806,1,4864925.5,
2807,1,4864936.5,
2808,1,4864950.0,
2809,1,4864954.0,
2810,1,4864927.0,
2811,1,4864925.0,
2812,1,4864945.0,
2813,1,4864937.5,
2814,2,4864920.0,
2815,2,4864920.0,
2816,2,4864928.5,
2817,2,4864936.5,
2818,2,4864942.0,
2819,2,4864942.5,
2820,2,4864936.5,
2821,2,4864944.0,
2822,2,4864944.5,
2823,2,4864941.5,
2824,2,4864968.5,
2825,0,4864932.5,
2826,2,4864947.5,
2827,2,4864944.5,
2828,2,4864963.0,
2829,2,4864963.0,
2830,1,4864978.0,
2831,2,4864963.0,
2832,2,4864963.0,
2833,2,4864963.0,
2834,1,4864962.5,
2835,1,4864979.5,
2836,2,4864962.5,
2837,1,4864966.5,
2838,1,4864954.5,
2839,1,4864969.0,
2840,1,4864966.5,
2841,1,4864987.5,
2842,1,4864966.5,
2843,2,4864967.0,
2844,2,4864913.5,
2845,2,4864913.5,
2846,2,4864914.0,
2847,1,4864923.0,
2848,2,4864923.0,
2849,0,4864964.0,
2850,1,4864921.5,
2851,1,4864950.5,
2852,1,4864954.5,
2853,1,4864966.5,
2854,0,4864933.0,
2855,1,4864966.0,
2856,0,4864962.5,
2857,1,4864965.0,
2858,1,4864973.5,
2859,2,4864913.5,
2860,1,4864959.5,
2861,1,4864967.0,
2862,1,4864954.0,
2863,1,4864956.5,
2864,1,4864964.0,
2865,1,4864973.0,
2866,1,4864962.0,
2867,1,4864965.5,
2868,1,4864977.0,
2869,1,4864978.0,
2870,1,4864963.0,
2871,1,4864950.0,
2872,1,4864955.5,
2873,1,4864967.5,
2874,1,4864964.5,
2875,1,4864964.5,
2876,1,4864970.0,
2877,1,4864970.0,
2878,1,4864970.0,
2879,1,4864968.0,
2880,1,4864971.5,
2881,1,4864971.0,
2882,1,4864969.0,
2883,1,4864969.0,
2884,1,4864979.0,
2885,1,4864955.0,
2886,1,4864954.0,
2887,1,4864965.5,
2888,1,4864959.0,
2889,1,4864961.0,
2890,1,4864957.5,
2891,1,4864991.5,
2892,1,4864983.5,
2893,1,4864991.5,
2894,1,4864994.0,
2895,1,4864992.5,
2896,1,4864983.0,
2897,1,4864991.5,
2898,1,4865007.5,
2899,1,4864952.0,
2900,1,4864984.0,
2901,1,4865004.0,
2902,1,4865010.5,
2903,1,4865003.0,
2904,1,4865012.5,
2905,1,4865002.5,
2906,1,4865008.0,
2907,1,4864988.0,
2908,1,4865014.5,
2909,1,4864979.0,
2910,1,4864975.0,
2911,1,4865013.0,
2912,1,4864992.5,
2913,1,4864988.0,
2914,1,4865015.0,
2915,1,4864991.0,
2916,1,4865012.0,
2917,1,4864991.0,
2918,1,4864991.0,
2919,1,4864991.0,
2920,1,4864988.5,
2921,1,4864985.0,
2922,1,4864983.0,
2923,1,4865012.0,
2924,1,4865005.5,
2925,1,4865014.5,
2926,1,4864998.5,
2927,1,4865014.0,
2928,1,4865006.5,
2929,1,4865007.0,
2930,1,4865007.5,
2931,1,4865007.5,
2932,1,4865006.5,
2933,1,4864991.5,
2934,1,4865014.5,
2935,1,4864998.0,
2936,1,4865000.5,
2937,1,4864998.5,
2938,1,4865008.0,
2939,1,4864989.0,
2940,1,4865007.5,
2941,1,4865007.0,
2942,1,4865002.0,
2943,1,4864990.0,
2944,1,4864997.5,
2945,1,4864997.5,
2946,1,4865004.0,
2947,1,4864997.5,
2948,1,4864992.0,
2949,1,4864992.0,
2950,1,4864992.0,
2951,1,4864993.0,
2952,1,4864987.0,
2953,1,4864997.5,
2954,1,4864993.0,
2955,1,4864999.0,
2956,1,4864995.0,
2957,1,4864986.5,
2958,1,4865004.5,
2959,1,4865001.0,
2960,1,4864983.5,
2961,1,4865003.5,
2962,1,4864996.0,
2963,1,4865002.5,
2964,1,4865003.0,
2965,1,4865002.5,
2966,1,4864995.0,
2967,1,4865003.5,
2968,1,4865002.5,
2969,1,4864998.5,
2970,1,4865009.0,
2971,1,4865006.0,
2972,1,4865000.0,
2973,1,4865000.0,
2974,1,4864998.5,
2975,1,4864986.0,
2976,1,4864998.5,
2977,1,4864998.5,
2978,1,4865000.0,
2979,1,4864995.5,
2980,1,4864998.5,
2981,1,4864981.0,
2982,1,4865013.0,
2983,1,4865012.5,
2984,1,4865005.5,
2985,1,4865012.5,
2986,1,4865008.5,
2987,1,4865007.5,
2988,1,4865011.0,
2989,1,4865006.5,
2990,1,4865008.5,
2991,1,4865009.5,
2992,1,4865006.0,
2993,1,4865012.0,
2994,1,4865009.0,
2995,1,4865009.5,
2996,1,4865009.5,
2997,1,4865012.5,
2998,1,4865009.0,
2999,1,4865004.5,
3000,1,4864971.5,
3001,1,4864976.5,
3002,1,4864971.5,
3003,1,4864968.0,
3004,1,4864971.5,
3005,1,4864972.5,
3006,1,4864990.5,
3007,1,4864976.0,
3008,1,4864970.5,
3009,1,4864985.5,
3010,1,4864972.5,
3011,1,4864972.5,
3012,1,4864979.0,
3013,1,4864984.0,
3014,1,4864982.0,
3015,1,4864977.0,
3016,1,4864985.0,
3017,1,4864975.5,
3018,1,4864980.0,
3019,1,4864984.5,
3020,1,4864990.0,
3021,1,4864986.0,
3022,1,4864986.5,
3023,1,4864986.5,
3024,1,4864984.0,
3025,1,4864981.5,
3026,1,4864982.0,
3027,1,4864988.5,
3028,1,4864989.0,
3029,1,4864989.5,
3030,1,4864990.0,
3031,1,4864990.0,
3032,1,4864987.0,
3033,1,4864990.0,
3034,1,4864989.5,
3035,1,4864988.5,
3036,1,4864988.5,
3037,1,4864990.0,
3038,1,4864987.0,
3039,1,4864962.5,
3040,1,4864986.0,
3041,1,4864982.5,
3042,1,4864986.0,
3043,1,4864984.0,
3044,1,4864987.0,
3045,1,4864983.5,
3046,1,4864985.0,
3047,1,4864985.0,
3048,1,4864984.0,
3049,1,4864990.0,
3050,1,4864990.0,
3051,1,4864987.5,
3052,1,4864987.5,
3053,1,4864987.5,
3054,1,4864990.0,
3055,1,4864989.5,
3056,1,4864966.5,
3057,1,4864962.5,
3058,1,4864968.0,
3059,1,4864964.5,
3060,1,4864969.0,
3061,1,4864969.0,
3062,1,4864968.0,
3063,1,4864969.5,
3064,1,4864981.0,
3065,1,4864979.0,
3066,1,4864984.5,
3067,1,4864982.5,
3068,1,4864980.0,
3069,1,4864978.5,
3070,1,4864985.0,
3071,1,4864980.0,
3072,1,4864986.0,
3073,1,4864981.0,
3074,1,4864977.5,
3075,1,4864980.0,
3076,1,4864981.5,
3077,1,4864985.5,
3078,1,4864979.5,
3079,1,4864982.0,
3080,1,4864981.5,
3081,1,4864987.0,
3082,1,4864981.0,
3083,1,4864985.0,
3084,1,4864955.0,
3085,1,4864966.5,
3086,1,4864968.5,
3087,1,4864967.5,
3088,1,4864971.5,
3089,1,4864967.5,
3090,1,4864969.0,
3091,1,4864979.5,
3092,1,4864970.0,
3093,1,4864978.0,
3094,1,4864979.5,
3095,1,4864975.5,
3096,1,4864971.5,
3097,1,4864980.5,
3098,1,4864973.5,
3099,1,4864982.5,
3100,1,4864966.5,
3101,1,4864983.5,
3102,1,4864974.5,
3103,1,4864973.5,
3104,1,4864972.5,
3105,1,4864983.5,
3106,1,4864980.5,
3107,1,4864966.5,
3108,1,4864965.0,
3109,1,4864963.0,
3110,1,4864962.0,
3111,1,4864963.0,
3112,1,4864963.0,
3113,1,4864964.0,
3114,1,4864963.5,
3115,1,4864967.5,
3116,1,4864979.0,
3117,1,4864976.5,
3118,1,4864982.0,
3119,1,4864986.0,
3120,1,4864986.0,
3121,1,4864981.0,
3122,1,4864983.0,
3123,1,4864979.0,
3124,1,4864983.5,
3125,1,4864968.5,
3126,1,4864961.0,
3127,1,4864979.5,
3128,1,4864981.0,
3129,1,4864983.0,
3130,1,4864981.0,
3131,1,4864980.0,
3132,1,4864982.0,
3133,1,4864980.5,
3134,1,4864982.5,
3135,1,4864981.0,
3136,1,4864979.0,
3137,1,4864982.5,
3138,1,4864983.0,
3139,1,4864976.0,
3140,1,4864981.0,
3141,1,4864979.5,
3142,1,4864979.5,
3143,1,4864983.0,
3144,1,4864976.5,
3145,1,4864983.5,
3146,1,4864965.5,
3147,1,4864981.5,
3148,1,4864982.5,
3149,1,4864980.5,
3150,1,4864982.5,
3151,1,4864965.5,
3152,1,4864972.0,
3153,1,4864966.5,
3154,1,4864973.5,
3155,1,4864967.5,
3156,1,4864974.5,
3157,1,4864974.0,
3158,1,4864973.5,
3159,1,4864978.0,
3160,1,4864981.5,
3161,1,4864977.0,
3162,1,4864982.0,
3163,2,4864955.0,
3164,1,4864970.5,
3165,1,4864976.0,
3166,1,4864971.5,
3167,1,4864981.5,
3168,1,4864962.5,
3169,1,4864958.0,
3170,1,4864958.0,
3171,1,4864955.5,
3172,1,4864959.5,
3173,1,4864963.5,
3174,1,4864963.5,
3175,1,4864984.0,
3176,1,4864965.0,
3177,1,4864964.0,
3178,1,4864965.5,
3179,1,4864966.0,
3180,1,4864965.5,
3181,1,4864981.0,
3182,1,4864981.0,
3183,1,4864981.0,
3184,1,4864979.0,
3185,1,4864980.5,
3186,1,4864983.5,
3187,1,4864965.5,
3188,1,4864969.5,
3189,1,4864966.5,
3190,1,4864966.5,
3191,1,4864966.5,
3192,1,4864959.0,
3193,1,4864984.5,
3194,1,4864984.5,
3195,1,4864979.5,
3196,1,4864979.5,
3197,1,4864981.5,
3198,1,4864979.5,
3199,1,4864968.5,
3200,1,4864968.5,
3201,1,4864963.5,
3202,1,4864982.5,
3203,1,4864983.5,
3204,1,4864981.0,
3205,1,4864980.5,
3206,1,4864983.0,
3207,1,4864980.5,
3208,1,4864983.0,
3209,1,4864969.5,
3210,1,4864970.0,
3211,1,4864970.0,
3212,1,4864966.0,
3213,1,4864966.0,
3214,1,4864980.5,
3215,1,4864969.0,
3216,1,4864964.0,
3217,1,4864964.0,
3218,1,4864964.0,
3219,1,4864964.0,
3220,1,4864981.0,
3221,1,4864983.0,
3222,1,4864982.0,
3223,1,4864982.5,
3224,1,4864981.5,
3225,1,4864958.0,
3226,1,4864989.5,
3227,1,4864979.5,
3228,1,4864976.0,
3229,1,4864981.5,
3230,1,4864982.0,
3231,1,4864985.5,
3232,1,4864965.5,
3233,1,4864981.5,
3234,1,4864980.0,
3235,1,4864988.5,
3236,1,4864985.5,
3237,1,4864984.5,
3238,1,4864950.0,
3239,1,4864983.5,
3240,1,4864965.5,
3241,1,4864989.5,
3242,1,4864953.5,
3243,1,4864982.0,
3244,1,4864988.0,
3245,1,4864983.5,
3246,1,4864989.0,
3247,1,4864983.0,
3248,1,4864979.0,
3249,1,4864989.5,
3250,1,4864979.5,
3251,1,4864984.5,
3252,1,4864984.5,
3253,1,4864985.5,
3254,1,4864985.5,
3255,1,4864985.5,
3256,1,4864985.5,
3257,1,4864990.5,
3258,1,4864979.5,
3259,1,4864982.0,
3260,1,4864982.0,
3261,1,4864984.0,
3262,1,4864978.5,
3263,1,4864987.0,
3264,1,4864982.5,
3265,1,4864991.0,
3266,1,4864985.0,
3267,1,4864984.0,
3268,1,4864984.0,
3269,1,4864979.5,
3270,1,4864981.0,
3271,1,4864986.5,
3272,1,4864985.5,
3273,1,4864964.5,
3274,1,4864994.5,
3275,1,4864985.0,
3276,1,4864984.0,
3277,1,4864989.0,
3278,1,4864991.5,
3279,1,4864983.5,
3280,1,4864984.5,
3281,1,4864989.0,
3282,1,4864987.0,
3283,1,4865000.0,
3284,1,4865000.0,
3285,1,4865000.0,
3286,1,4864990.0,
3287,1,4864982.5,
3288,1,4865001.0,
3289,1,4864994.0,
3290,1,4864993.5,
3291,1,4864984.0,
3292,1,4865005.0,
3293,1,4864995.0,
3294,1,4864995.0,
3295,1,4864994.0,
3296,1,4864994.0,
3297,1,4864995.0,
3298,1,4864982.5,
3299,1,4865005.0,
3300,1,4864996.5,
3301,1,4864983.5,
3302,1,4864984.0,
3303,1,4864996.5,
3304,1,4864996.5,
3305,1,4864981.0,
3306,1,4864988.5,
3307,1,4864988.0,
3308,1,4864996.5,
3309,1,4864982.5,
3310,1,4864988.5,
3311,1,4864984.0,
3312,1,4864977.0,
3313,1,4864995.0,
3314,1,4864995.0,
3315,1,4864987.0,
3316,1,4864985.5,
3317,2,4864942.0,
3318,0,4864964.0,
3319,2,4864960.5,
3320,0,4864943.0,
3321,2,4864939.5,
3322,2,4864942.5,
3323,2,4864941.5,
3324,0,4864945.0,
3325,0,4864946.5,
3326,2,4864947.5,
3327,2,4864942.5,
3328,2,4864969.0,
3329,2,4864947.0,
3330,2,4864944.0,
3331,2,4864946.0,
3332,2,4864941.0,
3333,0,4864949.5,
3334,2,4864939.0,
3335,2,4864944.0,
3336,2,4864946.0,
3337,2,4864952.0,
3338,2,4864942.5,
3339,2,4864930.0,
3340,2,4864930.5,
3341,2,4864941.5,
3342,2,4864941.5,
3343,2,4864941.5,
3344,2,4864946.5,
3345,2,4864939.0,
3346,2,4864960.0,
3347,2,4864966.0,
3348,2,4864941.0,
3349,2,4864942.0,
3350,2,4864962.0,
3351,2,4864962.5,
3352,2,4864951.0,
3353,2,4864943.0,
3354,0,4864940.5,
3355,2,4864936.5,
3356,2,4864941.0,
3357,2,4864941.0,
3358,2,4864944.5,
3359,2,4864938.0,
3360,2,4864956.0,
3361,2,4864962.0,
3362,2,4864960.5,
3363,0,4864959.0,
3364,2,4864945.0,
3365,0,4864947.5,
3366,0,4864968.0,
3367,0,4864965.5,
3368,0,4864962.0,
3369,0,4864963.0,
3370,0,4864964.0,
3371,0,4864952.0,
3372,2,4864964.0,
3373,0,4864964.0,
3374,2,4864950.0,
3375,0,4864942.0,
3376,2,4864944.0,
3377,2,4864944.5,
3378,2,4864944.5,
3379,2,4864944.0,
3380,2,4864965.0,
3381,1,4864961.5,
3382,0,4864962.5,
3383,2,4864960.0,
3384,2,4864969.5,
3385,2,4864960.0,
3386,2,4864965.0,
3387,2,4864966.0,
3388,2,4864957.0,
3389,2,4864968.5,
3390,2,4864950.5,
3391,2,4864947.5,
3392,2,4864937.5,
3393,1,4864935.0,
3394,2,4864939.0,
3395,2,4864942.5,
3396,2,4864940.5,
3397,2,4864945.0,
3398,2,4864941.0,
3399,2,4864940.5,
3400,2,4864944.0,
3401,2,4864949.0,
3402,0,4864966.5,
3403,2,4864961.5,
3404,0,4864963.5,
3405,2,4864937.0,
3406,2,4864945.0,
3407,2,4864941.5,
3408,2,4864942.5,
3409,2,4864963.5,
3410,2,4864964.0,
3411,2,4864945.5,
3412,2,4864964.5,
3413,2,4864961.5,
3414,2,4864958.5,
3415,2,4864956.5,
3416,2,4864953.5,
3417,2,4864942.0,
3418,2,4864946.0,
3419,2,4864942.0,
3420,2,4864942.5,
3421,0,4864952.0,
3422,2,4864987.5,
3423,2,4864969.5,
3424,2,4864946.0,
3425,2,4864954.0,
3426,2,4864961.5,
3427,2,4864963.0,
3428,2,4864972.5,
3429,2,4864967.0,
3430,2,4864963.5,
3431,0,4864969.0,
3432,2,4864965.5,
3433,0,4864966.0,
3434,2,4864970.5,
3435,2,4864961.0,
3436,2,4864974.0,
3437,0,4864966.5,
3438,2,4864967.5,
3439,0,4864971.5,
3440,2,4864947.0,
3441,2,4864947.0,
3442,2,4864963.0,
3443,2,4864962.5,
3444,2,4864964.0,
3445,2,4864965.5,
3446,2,4864943.0,
3447,2,4864958.5,
3448,0,4864962.0,
3449,2,4864959.0,
3450,1,4864964.0,
3451,1,4864972.5,
3452,2,4864939.5,
3453,2,4864944.0,
3454,2,4864966.0,
3455,2,4864962.0,
3456,2,4864962.0,
3457,2,4864945.0,
3458,2,4864939.5,
3459,2,4864949.0,
3460,2,4864953.0,
3461,0,4864943.0,
3462,2,4864940.5,
3463,2,4864935.0,
3464,2,4864938.0,
3465,2,4864941.0,
3466,2,4864941.5,
3467,2,4864948.0,
3468,2,4864941.5,
3469,2,4864946.5,
3470,2,4864944.0,
3471,0,4864941.5,
3472,2,4864943.5,
3473,2,4864967.5,
3474,0,4864939.0,
3475,2,4864937.5,
3476,0,4864966.0,
3477,2,4864962.5,
3478,0,4864951.0,
3479,2,4864964.5,
3480,2,4864942.0,
3481,2,4864934.5,
3482,2,4864941.5,
3483,2,4864942.0,
3484,2,4864963.0,
3485,2,4864936.0,
3486,2,4864958.5,
3487,1,4864955.0,
3488,1,4864964.5,
3489,2,4864948.5,
3490,2,4864960.5,
3491,2,4864961.5,
3492,1,4864967.0,
3493,2,4864960.5,
3494,2,4864961.0,
3495,2,4864962.0,
3496,1,4864954.5,
3497,2,4864965.0,
3498,2,4864941.0,
3499,2,4864948.5,
3500,2,4864940.5,
3501,2,4864941.0,
3502,2,4864944.0,
3503,2,4864947.0,
3504,2,4864941.0,
3505,2,4864944.5,
3506,0,4864942.5,
3507,2,4864941.0,
3508,2,4864962.0,
3509,2,4864945.5,
3510,2,4864939.5,
3511,2,4864969.0,
3512,2,4864942.5,
3513,2,4864966.0,
3514,2,4864944.5,
3515,2,4864944.5,
3516,2,4864938.0,
3517,2,4864963.5,
3518,2,4864962.0,
3519,2,4864938.0,
3520,2,4864948.5,
3521,2,4864962.0,
3522,2,4864928.0,
3523,2,4864938.0,
3524,2,4864938.5,
3525,2,4864968.0,
3526,0,4864936.0,
3527,2,4864945.0,
3528,2,4864947.5,
3529,2,4864953.0,
3530,2,4864953.0,
3531,2,4864940.5,
3532,2,4864963.5,
3533,2,4864960.0,
3534,2,4864941.5,
3535,2,4864939.5,
3536,2,4864937.5,
3537,2,4864970.5,
3538,2,4864968.5,
3539,2,4864940.0,
3540,2,4864973.5,
3541,2,4864944.0,
3542,2,4864963.5,
3543,2,4864943.0,
3544,2,4864962.5,
3545,2,4864961.5,
3546,2,4864957.5,
3547,2,4864967.0,
3548,2,4864964.0,
3549,2,4864963.5,
3550,2,4864965.5,
3551,0,4864948.0,
3552,0,4864966.0,
3553,0,4864948.0,
3554,0,4864953.0,
3555,0,4864948.5,
3556,2,4864948.0,
3557,0,4864948.5,
3558,0,4864969.5,
3559,0,4864968.0,
3560,2,4864963.0,
3561,2,4864965.5,
3562,2,4864962.0,
3563,2,4864961.5,
3564,0,4864967.5,
3565,0,4864970.5,
3566,2,4864939.0,
3567,2,4864943.0,
3568,2,4864968.5,
3569,2,4864943.5,
3570,2,4864962.5,
3571,2,4864943.5,
3572,2,4864942.0,
3573,2,4864956.5,
3574,2,4864944.0,
3575,2,4864938.0,
3576,2,4864970.5,
3577,2,4864962.5,
3578,2,4864970.0,
3579,2,4864971.0,
3580,2,4864960.5,
3581,1,4864963.5,
3582,2,4864939.5,
3583,1,4864944.0,
3584,1,4864939.5,
3585,1,4864947.0,
3586,0,4864962.5,
3587,1,4864943.0,
3588,1,4864948.5,
3589,0,4864938.0,
3590,2,4864940.5,
3591,2,4864943.0,
3592,2,4864950.5,
3593,2,4864965.0,
3594,2,4864963.0,
3595,2,4864976.0,
3596,1,4864968.5,
3597,1,4864963.5,
3598,1,4864969.0,
3599,1,4864956.0,
3600,1,4864953.0,
3601,1,4864977.0,
3602,1,4864983.0,
3603,2,4864943.0,
3604,2,4864959.5,
3605,0,4864944.0,
3606,0,4864963.5,
3607,2,4864972.0,
3608,2,4864943.5,
3609,0,4864943.5,
3610,2,4864942.5,
3611,0,4864961.0,
3612,0,4864965.0,
3613,0,4864971.5,
3614,2,4864966.5,
3615,0,4864975.0,
3616,0,4864970.0,
3617,0,4864966.0,
3618,2,4864970.5,
3619,2,4864960.5,
3620,2,4864966.5,
3621,0,4864968.5,
3622,2,4864976.0,
3623,0,4864959.0,
3624,0,4864948.5,
3625,0,4864961.0,
3626,2,4864953.5,
3627,0,4864956.5,
3628,0,4864970.0,
3629,0,4864970.5,
3630,2,4864943.0,
3631,2,4864943.0,
3632,2,4864943.0,
3633,0,4864942.5,
3634,2,4864963.0,
3635,2,4864958.0,
3636,0,4864969.5,
3637,2,4864948.5,
3638,2,4864941.5,
3639,0,4864965.5,
3640,0,4864960.0,
3641,2,4864937.5,
3642,2,4864952.0,
3643,2,4864962.0,
3644,2,4864932.5,
3645,2,4864946.0,
3646,2,4864939.5,
3647,2,4864940.0,
3648,1,4864961.0,
3649,2,4864943.5,
3650,2,4864913.0,
3651,2,4864911.0,
3652,2,4864912.5,
3653,2,4864912.5,
3654,2,4864912.5,
3655,2,4864912.5,
3656,2,4864912.5,
3657,2,4864914.5,
3658,2,4864914.5,
3659,2,4864919.0,
3660,2,4864919.0,
3661,2,4864919.0,
3662,2,4864925.0,
3663,2,4864925.0,
3664,2,4864925.0,
3665,2,4864924.5,
3666,2,4864925.0,
3667,2,4864925.0,
3668,2,4864934.0,
3669,2,4864931.5,
3670,2,4864931.5,
3671,2,4864931.5,
3672,2,4864931.5,
3673,2,4864935.0,
3674,2,4864941.5,
3675,2,4864942.0,
3676,2,4864940.0,
3677,2,4864940.0,
3678,2,4864940.0,
3679,2,4864935.0,
3680,2,4864940.0,
3681,2,4864931.5,
3682,2,4864935.0,
3683,2,4864931.5,
3684,2,4864931.5,
3685,2,4864931.5,
3686,2,4864930.5,
3687,2,4864930.5,
3688,2,4864936.0,
3689,2,4864930.5,
3690,2,4864936.0,
3691,2,4864927.5,
3692,2,4864927.5,
3693,2,4864927.5,
3694,2,4864933.0,
3695,2,4864933.0,
3696,2,4864933.0,
3697,2,4864933.0,
3698,2,4864917.0,
3699,2,4864927.5,
3700,2,4864932.5,
3701,2,4864938.5,
3702,2,4864938.5,
3703,2,4864945.0,
3704,2,4864933.5,
3705,2,4864945.0,
3706,2,4864932.0,
3707,2,4864943.5,
3708,2,4864942.5,
3709,2,4864942.5,
3710,2,4864943.5,
3711,2,4864943.5,
3712,2,4864943.5,
3713,2,4864943.5,
3714,1,4864951.5,
3715,1,4864983.0,
3716,1,4864968.5,
3717,1,4864982.0,
3718,1,4864981.0,
3719,1,4864976.0,
3720,1,4864976.0,
3721,1,4864976.0,
3722,1,4864973.0,
3723,1,4864973.0,
3724,1,4864973.0,
3725,1,4864974.0,
3726,1,4864974.0,
3727,1,4864974.0,
3728,1,4864974.0,
3729,1,4864974.0,
3730,1,4864974.0,
3731,1,4864974.0,
3732,1,4864974.0,
3733,1,4864974.0,
3734,1,4864974.0,
3735,2,4864918.0,
3736,2,4864918.0,
3737,2,4864916.5,
3738,2,4864916.5,
3739,2,4864925.0,
3740,2,4864925.0,
3741,2,4864916.5,
3742,2,4864925.0,
3743,2,4864925.5,
3744,2,4864925.5,
3745,2,4864924.0,
3746,2,4864924.0,
3747,1,4864934.5,
3748,2,4864934.5,
3749,2,4864934.5,
3750,2,4864934.5,
3751,2,4864933.5,
3752,2,4864934.0,
3753,2,4864943.5,
3754,2,4864943.5,
3755,2,4864943.5,
3756,2,4864939.5,
3757,2,4864914.0,
3758,2,4864921.0,
3759,2,4864921.0,
3760,2,4864921.0,
3761,2,4864920.5,
3762,2,4864921.0,
3763,2,4864931.5,
3764,2,4864931.5,
3765,2,4864915.5,
3766,1,4865001.0,
3767,1,4865001.5,
3768,1,4864987.0,
3769,1,4864980.0,
3770,1,4864978.0,
3771,1,4864979.0,
3772,1,4864985.5,
3773,1,4864983.0,
3774,2,4864970.5,
3775,2,4864939.0,
3776,0,4864961.5,
3777,2,4864976.0,
3778,2,4864945.0,
3779,2,4864962.0,
3780,2,4864967.5,
3781,2,4864971.5,
3782,2,4864943.5,
3783,2,4864942.5,
3784,1,4864974.5,
3785,1,4864972.5,
3786,1,4864975.5,
3787,1,4864976.5,
3788,1,4864980.0,
3789,1,4864972.5,
3790,1,4864958.0,
3791,1,4864973.5,
3792,1,4864972.0,
3793,1,4864974.0,
3794,1,4864908.5,
3795,1,4864908.5,
3796,1,4864903.0,
3797,1,4864902.5,
3798,1,4864902.5,
3799,1,4864936.0,
3800,1,4864937.0,
3801,1,4864937.0,
3802,1,4864930.0,
3803,1,4864934.5,
3804,1,4864898.0,
3805,1,4864905.5,
3806,1,4864903.5,
3807,1,4864902.5,
3808,1,4864902.5,
3809,1,4864948.5,
3810,1,4864938.5,
3811,1,4864949.0,
3812,1,4864939.5,
3813,1,4864938.5,
3814,1,4864938.5,
3815,1,4864938.5,
3816,1,4864949.0,
3817,1,4864952.0,
3818,1,4864952.5,
3819,1,4864943.0,
3820,1,4864944.5,
3821,1,4864944.0,
3822,1,4864943.5,
3823,1,4864943.5,
3824,1,4864935.0,
3825,1,4864944.5,
3826,1,4864945.0,
3827,1,4864933.5,
3828,1,4864933.0,
3829,1,4864936.5,
3830,1,4864936.5,
3831,1,4864938.5,
3832,1,4864938.5,
3833,1,4864939.0,
3834,1,4864943.0,
3835,1,4864945.0,
3836,1,4864944.5,
3837,1,4864941.5,
3838,1,4864961.5,
3839,1,4864927.5,
3840,1,4864927.5,
3841,1,4864957.5,
3842,1,4864959.5,
3843,1,4864963.5,
3844,1,4864959.5,
3845,1,4864927.5,
3846,1,4864959.0,
3847,1,4864925.5,
3848,1,4864925.0,
3849,1,4864852.5,
3850,1,4864852.0,
3851,1,4864853.5,
3852,1,4864940.5,
3853,1,4864946.5,
3854,1,4864946.5,
3855,1,4864921.5,
3856,1,4864853.0,
3857,1,4864946.5,
3858,1,4864946.5,
3859,1,4864920.5,
3860,1,4864853.0,
3861,1,4864920.5,
3862,1,4864920.0,
3863,1,4864920.5,
3864,1,4864936.5,
3865,1,4864939.0,
3866,1,4864939.0,
3867,1,4864939.0,
3868,1,4864939.5,
3869,1,4864850.5,
3870,1,4864845.0,
3871,1,4864848.0,
3872,1,4864938.0,
3873,1,4864852.0,
3874,1,4864918.0,
3875,1,4864918.5,
3876,1,4864921.5,
3877,1,4864921.5,
3878,1,4864847.0,
3879,1,4864946.5,
3880,1,4864947.5,
3881,1,4864948.5,
3882,1,4864941.5,
3883,1,4864937.5,
3884,1,4864825.5,
3885,1,4864837.5,
3886,1,4864843.0,
3887,1,4864836.0,
3888,1,4864838.0,
3889,1,4864827.5,
3890,1,4864838.5,
3891,1,4864888.5,
3892,1,4864888.0,
3893,1,4864838.0,
3894,1,4864838.0,
3895,1,4864885.0,
3896,1,4864883.5,
3897,1,4864886.0,
3898,1,4864901.0,
3899,1,4864901.0,
3900,1,4864897.5,
3901,1,4864891.5,
3902,1,4864879.5,
3903,1,4864823.0,
3904,1,4864868.0,
3905,1,4864868.0,
3906,1,4864868.0,
3907,1,4864881.5,
3908,1,4864868.0,
3909,1,4864868.0,
3910,1,4864879.5,
3911,1,4864879.5,
3912,1,4864879.5,
3913,1,4864883.0,
3914,1,4864873.5,
3915,1,4864872.5,
3916,1,4864870.5,
3917,1,4864875.5,
3918,1,4864875.0,
3919,1,4864872.5,
3920,1,4864872.5,
3921,1,4864872.5,
3922,1,4864873.0,
3923,1,4864873.0,
3924,1,4864867.5,
3925,1,4864870.5,
3926,1,4864865.0,
3927,1,4864879.0,
3928,1,4864880.0,
3929,1,4864880.5,
3930,1,4864864.5,
3931,1,4864880.5,
3932,1,4864881.5,
3933,1,4864864.0,
3934,1,4864889.5,
3935,1,4864895.0,
3936,1,4864826.5,
3937,1,4864894.5,
3938,1,4864894.5,
3939,1,4864895.0,
3940,1,4864810.0,
3941,1,4864805.0,
3942,1,4864866.0,
3943,1,4864817.0,
3944,1,4864864.5,
3945,1,4864880.5,
3946,1,4864882.0,
3947,1,4864866.0,
3948,1,4864873.5,
3949,1,4864876.5,
3950,1,4864876.0,
3951,1,4864874.5,
3952,1,4864868.5,
3953,1,4864875.5,
3954,1,4864875.5,
3955,1,4864875.5,
3956,1,4864875.5,
3957,1,4864875.0,
3958,1,4864872.0,
3959,1,4864872.0,
3960,1,4864872.0,
3961,1,4864815.5,
3962,1,4864872.0,
3963,1,4864873.5,
3964,1,4864875.0,
3965,1,4864875.0,
3966,1,4864877.5,
3967,1,4864813.5,
3968,1,4864877.5,
3969,1,4864878.0,
3970,1,4864821.5,
3971,1,4864805.0,
3972,1,4864867.5,
3973,1,4864814.0,
3974,1,4864868.5,
3975,1,4864868.5,
3976,1,4864869.5,
3977,1,4864870.5,
3978,1,4864797.5,
3979,1,4864791.0,
3980,1,4864802.5,
3981,1,4864791.5,
3982,1,4864794.0,
3983,1,4864743.5,
3984,1,4864766.0,
3985,1,4864759.5,
3986,1,4864748.5,
3987,1,4864762.0,
3988,0,4864830.5,
3989,1,4864820.0,
3990,1,4864813.0,
3991,1,4864811.0,
3992,1,4864814.0,
3993,1,4864783.5,
3994,1,4864783.0,
3995,1,4864822.5,
3996,1,4864785.0,
3997,1,4864820.5,
3998,1,4864796.5,
3999,1,4864798.5,
4000,1,4864800.5,
4001,1,4864821.5,
4002,1,4864801.5,
4003,1,4864782.0,
4004,1,4864802.0,
4005,1,4864821.5,
4006,1,4864779.0,
4007,1,4864816.5,
4008,1,4864806.0,
4009,1,4864803.5,
4010,1,4864804.0,
4011,1,4864798.0,
4012,1,4864798.5,
4013,1,4864809.0,
4014,1,4864809.0,
4015,1,4864806.0,
4016,1,4864812.0,
4017,1,4864811.5,
4018,1,4864798.0,
4019,1,4864798.5,
4020,1,4864815.0,
4021,1,4864806.0,
4022,1,4864802.0,
4023,1,4864803.0,
4024,1,4864795.5,
4025,1,4864800.5,
4026,1,4864806.0,
4027,1,4864808.0,
4028,1,4864783.5,
4029,1,4864820.5,
4030,1,4864813.0,
4031,1,4864783.5,
4032,1,4864819.0,
4033,1,4864819.0,
4034,1,4864819.0,
4035,1,4864819.5,
4036,1,4864811.0,
4037,1,4864779.0,
4038,1,4864811.0,
4039,1,4864811.0,
4040,1,4864775.5,
4041,1,4864828.5,
4042,0,4864828.5,
4043,1,4864806.5,
4044,0,4864828.5,
4045,0,4864825.5,
4046,0,4864822.5,
4047,0,4864821.5,
4048,0,4864822.0,
4049,0,4864821.5,
4050,1,4864819.5,
4051,1,4864819.5,
4052,1,4864800.5,
4053,1,4864802.5,
4054,1,4864803.0,
4055,1,4864811.5,
4056,1,4864810.5,
4057,1,4864801.5,
4058,1,4864803.0,
4059,1,4864807.0,
4060,1,4864805.5,
4061,1,4864801.5,
4062,1,4864812.0,
4063,1,4864809.0,
4064,1,4864800.0,
4065,1,4864810.5,
4066,1,4864810.0,
4067,1,4864833.0,
4068,1,4864835.5,
4069,1,4864860.0,
4070,1,4864860.0,
4071,1,4864857.5,
4072,1,4864864.0,
4073,1,4864860.5,
4074,1,4864859.0,
4075,1,4864868.5,
4076,1,4864868.5,
4077,1,4864862.0,
4078,2,4864789.5,
4079,1,4864861.5,
4080,1,4864861.5,
4081,1,4864897.5,
4082,1,4864897.5,
4083,1,4864897.5,
4084,2,4864785.0,
4085,1,4864897.5,
4086,1,4864860.5,
4087,1,4864885.0,
4088,1,4864860.0,
4089,2,4864792.0,
4090,2,4864788.0,
4091,1,4864884.5,
4092,2,4864793.0,
4093,1,4864878.0,
4094,1,4864875.5,
4095,1,4864876.0,
4096,1,4864874.5,
4097,1,4864852.5,
4098,1,4864856.5,
4099,1,4864859.0,
4100,1,4864859.5,
4101,1,4864871.5,
4102,1,4864884.5,
4103,1,4864884.0,
4104,1,4864883.5,
4105,1,4864884.0,
4106,1,4864883.0,
4107,1,4864873.0,
4108,1,4864872.0,
4109,1,4864878.0,
4110,1,4864873.0,
4111,1,4864872.5,
4112,1,4864856.0,
4113,1,4864856.0,
4114,1,4864856.0,
4115,1,4864856.0,
4116,1,4864856.0,
4117,2,4864791.0,
4118,2,4864787.5,
4119,1,4864877.0,
4120,2,4864785.5,
4121,1,4864877.5,
4122,2,4864812.0,
4123,1,4864879.5,
4124,1,4864865.5,
4125,1,4864861.0,
4126,1,4864864.0,
4127,1,4864877.5,
4128,1,4864859.0,
4129,1,4864857.5,
4130,2,4864772.5,
4131,1,4864876.5,
4132,1,4864855.0,
4133,1,4864856.0,
4134,1,4864855.5,
4135,1,4864880.0,
4136,1,4864857.0,
4137,1,4864857.0,
4138,1,4864885.0,
4139,1,4864885.0,
4140,1,4864885.5,
4141,1,4864885.0,
4142,1,4864868.5,
4143,1,4864868.5,
4144,1,4864865.5,
4145,1,4864866.0,
4146,1,4864863.5,
4147,2,4864753.0,
4148,1,4864873.0,
4149,2,4864752.0,
4150,1,4864877.5,
4151,2,4864749.0,
4152,1,4864875.5,
4153,1,4864868.0,
4154,2,4864757.5,
4155,1,4864869.0,
4156,2,4864757.0,
4157,2,4864828.5,
4158,2,4864826.5,
4159,2,4864821.0,
4160,2,4864819.0,
4161,2,4864825.5,
4162,2,4864821.5,
4163,2,4864820.5,
4164,2,4864820.0,
4165,2,4864821.0,
4166,2,4864820.5,
4167,2,4864820.0,
4168,2,4864820.0,
4169,2,4864820.0,
4170,2,4864820.0,
4171,2,4864822.0,
4172,2,4864811.0,
4173,2,4864811.0,
4174,2,4864811.0,
4175,2,4864808.0,
4176,2,4864807.5,
4177,2,4864823.0,
4178,2,4864816.5,
4179,2,4864794.0,
4180,2,4864823.5,
4181,2,4864794.0,
4182,2,4864800.5,
4183,2,4864803.0,
4184,2,4864823.0,
4185,2,4864823.5,
4186,2,4864823.5,
4187,2,4864812.5,
4188,2,4864811.5,
4189,2,4864811.5,
4190,2,4864812.0,
4191,2,4864810.0,
4192,2,4864807.0,
4193,2,4864809.0,
4194,2,4864807.0,
4195,2,4864811.5,
4196,2,4864811.5,
4197,2,4864817.5,
4198,2,4864811.0,
4199,2,4864809.0,
4200,2,4864814.0,
4201,2,4864813.0,
4202,2,4864831.5,
4203,2,4864831.5,
4204,2,4864831.5,
4205,2,4864824.0,
4206,2,4864819.5,
4207,2,4864826.0,
4208,2,4864822.0,
4209,2,4864812.5,
4210,2,4864825.5,
4211,2,4864832.0,
4212,2,4864832.5,
4213,2,4864831.5,
4214,2,4864832.0,
4215,2,4864824.5,
4216,2,4864818.0,
4217,2,4864816.5,
4218,2,4864819.5,
4219,2,4864817.5,
4220,2,4864841.5,
4221,2,4864842.0,
4222,2,4864838.5,
4223,2,4864824.5,
4224,2,4864825.5,
4225,2,4864829.5,
4226,2,4864829.5,
4227,2,4864829.5,
4228,2,4864829.5,
4229,2,4864829.5,
4230,2,4864814.0,
4231,2,4864826.5,
4232,2,4864826.5,
4233,2,4864823.0,
4234,2,4864823.0,
4235,2,4864851.0,
4236,2,4864847.5,
4237,2,4864834.5,
4238,2,4864844.5,
4239,2,4864835.5,
4240,2,4864857.5,
4241,2,4864850.5,
4242,2,4864868.0,
4243,2,4864870.0,
4244,2,4864850.0,
4245,2,4864876.0,
4246,2,4864885.5,
4247,2,4864885.0,
4248,2,4864885.5,
4249,2,4864886.0,
4250,2,4864864.0,
4251,2,4864865.0,
4252,2,4864865.0,
4253,2,4864890.0,
4254,2,4864890.0,
4255,2,4864861.5,
4256,2,4864893.5,
4257,2,4864894.0,
4258,2,4864892.0,
4259,2,4864861.0,
4260,2,4864885.5,
4261,2,4864881.0,
4262,2,4864881.0,
4263,2,4864881.0,
4264,2,4864875.5,
4265,2,4864874.5,
4266,2,4864868.5,
4267,2,4864881.0,
4268,2,4864882.0,
4269,2,4864882.0,
4270,2,4864887.0,
4271,2,4864881.0,
4272,2,4864878.5,
4273,3,4864880.0,
4274,2,4864874.0,
4275,2,4864873.5,
4276,2,4864875.0,
4277,3,4864882.5,
4278,2,4864878.5,
4279,2,4864878.5,
4280,3,4864847.5,
4281,3,4864847.5,
4282,3,4864849.5,
4283,3,4864828.0,
4284,3,4864833.0,
4285,2,4864888.0,
4286,2,4864876.5,
4287,2,4864877.5,
4288,2,4864888.0,
4289,2,4864875.0,
4290,2,4864875.0,
4291,2,4864874.0,
4292,2,4864894.0,
4293,2,4864888.0,
4294,2,4864887.5,
4295,2,4864889.0,
4296,2,4864865.0,
4297,2,4864872.5,
4298,2,4864888.5,
4299,2,4864862.5,
4300,2,4864865.5,
4301,2,4864861.0,
4302,2,4864892.0,
4303,2,4864891.0,
4304,2,4864891.5,
4305,3,4864835.0,
4306,2,4864862.0,
4307,2,4864864.0,
4308,2,4864862.0,
4309,2,4864859.0,
4310,2,4864858.5,
4311,3,4864839.0,
4312,3,4864838.0,
4313,3,4864839.5,
4314,2,4864860.0,
4315,2,4864873.5,
4316,2,4864859.5,
4317,2,4864860.0,
4318,2,4864860.0,
4319,2,4864863.0,
4320,3,4864875.5,
4321,3,4864837.0,
4322,2,4864872.5,
4323,2,4864871.0,
4324,2,4864870.5,
4325,3,4864811.0,
4326,3,4864818.5,
4327,3,4864820.5,
4328,3,4864814.5,
4329,3,4864810.5,
4330,2,4864921.0,
4331,2,4864922.0,
4332,3,4864815.5,
4333,2,4864923.0,
4334,3,4864811.5,
4335,2,4864923.0,
4336,2,4864920.5,
4337,2,4864932.5,
4338,2,4864932.5,
4339,3,4864794.0,
4340,2,4864931.5,
4341,2,4864929.0,
4342,2,4864929.0,
4343,3,4864802.5,
4344,3,4864812.5,
4345,2,4864936.5,
4346,2,4864935.0,
4347,1,4864978.0,
4348,2,4864935.0,
4349,2,4864926.0,
4350,2,4864935.0,
4351,2,4864934.0,
4352,1,4864981.5,
4353,2,4864926.0,
4354,2,4864921.0,
4355,1,4864982.5,
4356,2,4864918.0,
4357,1,4864983.0,
4358,2,4864919.0,
4359,1,4864981.0,
4360,2,4864939.5,
4361,2,4864938.0,
4362,2,4864949.5,
4363,2,4864949.0,
4364,2,4864952.5,
4365,2,4864931.0,
4366,2,4864931.5,
4367,2,4864932.0,
4368,2,4864931.0,
4369,2,4864932.0,
4370,2,4864931.5,
4371,2,4864931.5,
4372,2,4864929.0,
4373,2,4864931.5,
4374,2,4864930.5,
4375,2,4864929.5,
4376,2,4864929.5,
4377,2,4864927.5,
4378,2,4864927.5,
4379,2,4864928.5,
4380,3,4864747.5,
4381,2,4864927.0,
4382,2,4864927.5,
4383,3,4864745.5,
4384,2,4864928.0,
4385,2,4864922.5,
4386,3,4864754.0,
4387,2,4864927.5,
4388,3,4864745.0,
4389,3,4864744.5,
4390,2,4864976.5,
4391,2,4864974.5,
4392,2,4864914.0,
4393,2,4864912.5,
4394,2,4864962.5,
4395,2,4864913.0,
4396,2,4864913.0,
4397,2,4864912.5,
4398,2,4864928.0,
4399,2,4864941.0,
4400,2,4864928.0,
4401,2,4864956.5,
4402,2,4864932.5,
4403,2,4864932.5,
4404,2,4864902.0,
4405,2,4864902.0,
4406,2,4864903.5,
4407,2,4864929.0,
4408,2,4864903.0,
4409,2,4864902.5,
4410,2,4864920.0,
4411,2,4864919.0,
4412,2,4864926.0,
4413,2,4864925.0,
4414,2,4864928.0,
4415,2,4864926.0,
4416,2,4864928.5,
4417,2,4864928.5,
4418,2,4864980.0,
4419,2,4864937.5,
4420,2,4864937.0,
4421,2,4864962.5,
4422,2,4864983.0,
4423,3,4864751.5,
4424,2,4864975.5,
4425,2,4864974.0,
4426,3,4864752.0,
4427,3,4864762.5,
4428,3,4864765.5,
4429,3,4864771.0,
4430,2,4864982.0,
4431,2,4864980.0,
4432,2,4864977.5,
4433,2,4864978.0,
4434,2,4864979.0,
4435,3,4864764.5,
4436,3,4864759.5,
4437,2,4864912.5,
4438,2,4864913.0,
4439,3,4864761.0,
4440,2,4864884.0,
4441,2,4864885.0,
4442,2,4864980.5,
4443,3,4864760.0,
4444,2,4864888.0,
4445,2,4864980.0,
4446,2,4864983.5,
4447,2,4864982.5,
4448,2,4864882.0,
4449,2,4864871.0,
4450,2,4864874.5,
4451,2,4864874.5,
4452,2,4864883.0,
4453,2,4864980.0,
4454,2,4864874.5,
4455,2,4864874.5,
4456,2,4864882.5,
4457,2,4864879.0,
4458,2,4864883.5,
4459,2,4864875.5,
4460,2,4864876.0,
4461,2,4864876.5,
4462,2,4864876.5,
4463,2,4864876.5,
4464,3,4864780.0,
4465,3,4864776.0,
4466,3,4864772.0,
4467,2,4864873.5,
4468,2,4864877.5,
4469,2,4864877.0,
4470,3,4864768.0,
4471,2,4864875.0,
4472,2,4864872.0,
4473,2,4864877.5,
4474,2,4864868.0,
4475,3,4864799.0,
4476,2,4864869.0,
4477,2,4864867.5,
4478,2,4864876.5,
4479,2,4864876.5,
4480,2,4864876.5,
4481,2,4864876.5,
4482,2,4864867.0,
4483,2,4864868.5,
4484,2,4864867.5,
4485,2,4864869.5,
4486,2,4864875.5,
4487,2,4864869.5,
4488,2,4864875.5,
4489,2,4864875.5,
4490,2,4864875.5,
4491,2,4864875.5,
4492,2,4864876.5,
4493,2,4864878.0,
4494,2,4864876.5,
4495,2,4864876.0,
4496,2,4864876.0,
4497,2,4864877.0,
4498,2,4864877.0,
4499,2,4864864.0,
4500,2,4864863.0,
4501,2,4864863.5,
4502,2,4864863.0,
4503,2,4864866.0,
4504,2,4864884.0,
4505,2,4864886.0,
4506,2,4864883.5,
4507,2,4864883.5,
4508,2,4864883.0,
4509,2,4864984.0,
4510,2,4864983.0,
4511,2,4864984.5,
4512,2,4864981.5,
4513,2,4864986.5,
4514,2,4865003.5,
4515,2,4864999.5,
4516,2,4865005.0,
4517,2,4865003.5,
4518,2,4864994.0,
4519,4,4864794.0,
4520,4,4864785.0,
4521,4,4864794.5,
4522,3,4864910.5,
4523,3,4864915.0,
4524,3,4864915.0,
4525,3,4864915.5,
4526,3,4864915.5,
4527,4,4864789.5,
4528,4,4864801.5,
4529,3,4864907.0,
4530,3,4864908.5,
4531,3,4864911.5,
4532,3,4864911.5,
4533,3,4864911.5,
4534,3,4864930.0,
4535,3,4864923.0,
4536,3,4864930.0,
4537,3,4864923.0,
4538,3,4864925.5,
4539,3,4864924.0,
4540,3,4864925.5,
4541,3,4864924.0,
4542,3,4864924.0,
4543,3,4864926.5,
4544,3,4864930.0,
4545,3,4864930.0,
4546,4,4864775.0,
4547,3,4864929.0,
4548,3,4864929.5,
4549,3,4864883.0,
4550,4,4864778.5,
4551,3,4864922.5,
4552,3,4864922.5,
4553,3,4864932.5,
4554,3,4864922.5,
4555,3,4864923.5,
4556,3,4864929.5,
4557,4,4864766.5,
4558,2,4865017.5,
4559,4,4864771.5,
4560,3,4864929.0,
4561,2,4865022.0,
4562,3,4864931.0,
4563,3,4864929.0,
4564,4,4864780.0,
4565,3,4864929.0,
4566,3,4864927.0,
4567,2,4865012.5,
4568,2,4865012.0,
4569,2,4865005.0,
4570,3,4864964.5,
4571,3,4864964.5,
4572,3,4864961.0,
4573,3,4864961.0,
4574,3,4864935.0,
4575,3,4864935.0,
4576,3,4864933.5,
4577,3,4864933.5,
4578,3,4864933.5,
4579,3,4864925.5,
4580,3,4864932.0,
4581,3,4864921.5,
4582,3,4864916.5,
4583,3,4864918.5,
4584,3,4864918.0,
4585,3,4864923.5,
4586,3,4864919.5,
4587,3,4864919.5,
4588,3,4864937.5,
4589,3,4864936.0,
4590,3,4864924.0,
4591,3,4864922.0,
4592,3,4864922.0,
4593,3,4864922.0,
4594,3,4864921.0,
4595,3,4864937.5,
4596,3,4864937.5,
4597,3,4864942.0,
4598,3,4864939.0,
4599,3,4864939.0,
4600,2,4864945.5,
4601,4,4864773.0,
4602,2,4864943.5,
4603,3,4864933.5,
4604,3,4864934.0,
4605,2,4864945.5,
4606,4,4864760.0,
4607,3,4864934.0,
4608,3,4864934.0,
4609,3,4864925.5,
4610,2,4864943.0,
4611,3,4864918.0,
4612,4,4864772.5,
4613,3,4864918.0,
4614,2,4864940.5,
4615,3,4864920.5,
4616,4,4864761.5,
4617,3,4864920.0,
4618,4,4864759.0,
4619,3,4864922.5,
4620,2,4864946.0,
4621,3,4864923.5,
4622,3,4864923.0,
4623,2,4864952.5,
4624,3,4864919.0,
4625,2,4864954.0,
4626,3,4864917.5,
4627,3,4864919.5,
4628,2,4864948.5,
4629,2,4864944.0,
4630,3,4864762.0,
4631,3,4864746.5,
4632,3,4864755.0,
4633,3,4864757.0,
4634,3,4864752.0,
4635,2,4864942.0,
4636,2,4864942.5,
4637,2,4864941.5,
4638,3,4864879.5,
4639,2,4864878.5,
4640,2,4864962.0,
4641,3,4864915.0,
4642,3,4864915.0,
4643,3,4864878.5,
4644,3,4864915.0,
4645,3,4864912.5,
4646,2,4864962.0,
4647,3,4864912.0,
4648,3,4864903.5,
4649,2,4864900.5,
4650,3,4864871.5,
4651,3,4864874.5,
4652,2,4864870.0,
4653,2,4864870.0,
4654,2,4864871.0,
4655,3,4864900.5,
4656,3,4864900.5,
4657,4,4864812.0,
4658,3,4864884.0,
4659,4,4864821.5,
4660,3,4864890.5,
4661,2,4864925.0,
4662,3,4864888.5,
4663,2,4864875.5,
4664,4,4864817.5,
4665,3,4864875.5,
4666,2,4864875.5,
4667,2,4864927.5,
4668,2,4864875.5,
4669,2,4864875.5,
4670,4,4864812.0,
4671,2,4864931.5,
4672,4,4864802.0,
4673,2,4864925.5,
4674,3,4864892.5,
4675,2,4864923.5,
4676,3,4864892.5,
4677,2,4864892.5,
4678,2,4864892.5,
4679,2,4864895.0,
4680,4,4864825.0,
4681,4,4864817.5,
4682,3,4864894.5,
4683,3,4864898.5,
4684,3,4864898.5,
4685,4,4864817.0,
4686,3,4864898.5,
4687,3,4864898.5,
4688,3,4864886.0,
4689,2,4864882.0,
4690,4,4864816.0,
4691,3,4864877.5,
4692,3,4864885.5,
4693,4,4864819.5,
4694,2,4864882.0,
4695,3,4864884.0,
4696,3,4864884.0,
4697,3,4864884.0,
4698,3,4864883.5,
4699,3,4864883.5,
4700,3,4864881.5,
4701,3,4864881.5,
4702,2,4864885.0,
4703,3,4864881.5,
4704,3,4864881.5,
4705,3,4864887.5,
4706,2,4864883.0,
4707,3,4864883.0,
4708,3,4864886.0,
4709,3,4864886.0,
4710,4,4864824.0,
4711,2,4864927.0,
4712,4,4864830.0,
4713,2,4864928.5,
4714,4,4864831.0,
4715,2,4864928.0,
4716,2,4864931.5,
4717,4,4864827.5,
4718,2,4864925.0,
4719,4,4864817.5,
4720,2,4864915.0,
4721,2,4864921.5,
4722,2,4864918.0,
4723,2,4864923.5,
4724,2,4864917.5,
4725,2,4864916.0,
4726,2,4864918.0,
4727,3,4864824.0,
4728,2,4864905.0,
4729,3,4864818.0,
4730,2,4864921.5,
4731,3,4864818.0,
4732,3,4864825.0,
4733,2,4864906.5,
4734,3,4864821.5,
4735,3,4864827.0,
4736,2,4864900.5,
4737,3,4864827.5,
4738,3,4864824.5,
4739,2,4864911.5,
4740,3,4864825.0,
4741,2,4864904.5,
4742,3,4864825.0,
4743,2,4864902.5,
4744,2,4864915.0,
4745,3,4864819.0,
4746,3,4864815.5,
4747,4,4864843.0,
4748,3,4864813.5,
4749,2,4864902.5,
4750,3,4864804.5,
4751,4,4864844.5,
4752,3,4864808.0,
4753,2,4864909.0,
4754,4,4864848.5,
4755,2,4864900.5,
4756,3,4864826.0,
4757,3,4864827.0,
4758,3,4864827.0,
4759,3,4864825.0,
4760,3,4864825.0,
4761,2,4864900.5,
4762,4,4864845.5,
4763,2,4864906.0,
4764,4,4864845.5,
4765,3,4864810.5,
4766,3,4864828.0,
4767,3,4864825.0,
4768,3,4864825.0,
4769,3,4864813.5,
4770,3,4864806.0,
4771,3,4864808.0,
4772,3,4864824.5,
4773,3,4864825.5,
4774,2,4864906.5,
4775,3,4864830.0,
4776,2,4864902.5,
4777,2,4864904.5,
4778,4,4864855.0,
4779,2,4864909.5,
4780,4,4864848.5,
4781,2,4864899.0,
4782,3,4864814.5,
4783,3,4864818.5,
4784,3,4864818.5,
4785,4,4864843.5,
4786,3,4864818.5,
4787,3,4864818.5,
4788,3,4864833.5,
4789,3,4864832.5,
4790,3,4864817.0,
4791,4,4864846.0,
4792,3,4864818.0,
4793,3,4864827.0,
4794,4,4864846.0,
4795,3,4864833.5,
4796,3,4864833.5,
4797,3,4864835.0,
4798,3,4864835.0,
4799,3,4864832.5,
4800,3,4864829.5,
4801,2,4864925.5,
4802,3,4864829.5,
4803,3,4864829.5,
4804,3,4864829.5,
4805,3,4864829.5,
4806,2,4864924.5,
4807,2,4864925.0,
4808,2,4864925.5,
4809,2,4864926.0,
4810,2,4864924.5,
4811,2,4864935.0,
4812,2,4864935.5,
4813,2,4864928.0,
4814,2,4864927.5,
4815,2,4864931.0,
4816,2,4864931.5,
4817,2,4864928.0,
4818,3,4864844.5,
4819,3,4864841.5,
4820,2,4864937.5,
4821,3,4864860.5,
4822,3,4864863.5,
4823,2,4864933.5,
4824,3,4864860.5,
4825,3,4864877.0,
4826,3,4864874.0,
4827,3,4864871.5,
4828,3,4864871.5,
4829,3,4864883.0,
4830,3,4864871.5,
4831,3,4864883.0,
4832,3,4864883.0,
4833,3,4864883.0,
4834,3,4864883.5,
4835,3,4864880.0,
4836,3,4864880.5,
4837,3,4864871.0,
4838,3,4864876.5,
4839,3,4864871.0,
4840,3,4864877.0,
4841,3,4864874.0,
4842,3,4864872.0,
4843,3,4864874.5,
4844,3,4864874.5,
4845,3,4864871.0,
4846,3,4864871.0,
4847,3,4864870.5,
4848,3,4864873.0,
4849,3,4864880.5,
4850,3,4864882.0,
4851,3,4864879.5,
4852,3,4864879.5,
4853,3,4864878.5,
4854,2,4864935.5,
4855,3,4864878.5,
4856,3,4864882.0,
4857,3,4864880.5,
4858,2,4864935.0,
4859,3,4864879.5,
4860,2,4864928.5,
4861,3,4864880.5,
4862,3,4864880.5,
4863,3,4864880.5,
4864,3,4864882.0,
4865,3,4864881.5,
4866,3,4864879.5,
4867,2,4864930.0,
4868,2,4864929.5,
4869,3,4864874.5,
4870,3,4864871.5,
4871,3,4864875.5,
4872,3,4864875.5,
4873,3,4864875.5,
4874,2,4864930.5,
4875,3,4864879.5,
4876,3,4864881.5,
4877,3,4864879.0,
4878,3,4864879.0,
4879,3,4864879.0,
4880,2,4864930.0,
4881,3,4864870.0,
4882,3,4864869.5,
4883,3,4864889.5,
4884,2,4864928.0,
4885,3,4864894.0,
4886,3,4864891.5,
4887,2,4864921.0,
4888,2,4864928.5,
4889,3,4864864.5,
4890,3,4864868.0,
4891,3,4864864.0,
4892,3,4864859.0,
4893,3,4864860.0,
4894,3,4864896.0,
4895,3,4864894.0,
4896,3,4864894.0,
4897,3,4864893.0,
4898,3,4864889.0,
4899,3,4864867.5,
4900,3,4864869.0,
4901,2,4864924.0,
4902,3,4864867.0,
4903,3,4864868.0,
4904,3,4864867.5,
4905,2,4864927.5,
4906,2,4864927.5,
4907,2,4864929.0,
4908,3,4864877.0,
4909,3,4864868.5,
4910,3,4864864.5,
4911,3,4864854.5,
4912,3,4864852.0,
4913,2,4864930.0,
4914,3,4864888.5,
4915,3,4864889.5,
4916,3,4864891.0,
4917,3,4864879.5,
4918,3,4864859.5,
4919,3,4864860.0,
4920,3,4864859.0,
4921,3,4864882.0,
4922,3,4864859.0,
4923,3,4864859.0,
4924,2,4864930.0,
4925,2,4864931.0,
4926,3,4864882.5,
4927,3,4864879.0,
4928,2,4864928.5,
4929,3,4864869.5,
4930,2,4864928.5,
4931,3,4864866.0,
4932,3,4864866.5,
4933,2,4864928.5,
4934,0,4864942.5,
4935,0,4864943.5,
4936,0,4864938.5,
4937,0,4864942.5,
4938,0,4864941.5,
4939,0,4864981.0,
4940,0,4864978.5,
4941,0,4864985.5,
4942,0,4864984.0,
4943,0,4864978.5,
4944,0,4865001.0,
4945,0,4864993.0,
4946,0,4865000.5,
4947,0,4864997.5,
4948,0,4864990.5,
4949,0,4864998.0,
4950,0,4864999.5,
4951,0,4864828.0,
4952,0,4864999.5,
4953,0,4864827.0,
4954,0,4864997.0,
4955,0,4864827.5,
4956,0,4865003.5,
4957,0,4864818.0,
4958,0,4864818.5,
4959,0,4864979.5,
4960,0,4864975.5,
4961,0,4864982.0,
4962,0,4864980.5,
4963,0,4864979.5,
4964,0,4864982.5,
4965,0,4864826.0,
4966,0,4864825.0,
4967,0,4864978.5,
4968,0,4864856.0,
4969,0,4864986.0,
4970,0,4864852.0,
4971,0,4864854.0,
4972,0,4864985.5,
4973,0,4864987.0,
4974,0,4864869.0,
4975,0,4864869.0,
4976,0,4864869.0,
4977,0,4864869.0,
4978,0,4864869.0,
4979,1,4864863.0,
4980,1,4864863.5,
4981,0,4864864.0,
4982,0,4864870.0,
4983,0,4864869.0,
4984,0,4864983.5,
4985,0,4864981.5,
4986,0,4864984.0,
4987,0,4864988.0,
4988,0,4864979.5,
4989,0,4864871.0,
4990,0,4864871.0,
4991,0,4864871.0,
4992,0,4864871.0,
4993,0,4864871.5,
4994,0,4864872.0,
4995,0,4864872.0,
4996,0,4864874.0,
4997,0,4864873.0,
4998,0,4864873.5,
4999,0,4864854.5,
5000,0,4864854.5,
5001,0,4864854.5,
5002,0,4864850.5,
5003,0,4864854.5,
5004,0,4864880.0,
5005,0,4864875.0,
5006,0,4864877.5,
5007,0,4864873.0,
5008,0,4864874.0,
5009,0,4864852.0,
5010,0,4864852.0,
5011,0,4864868.5,
5012,0,4864868.5,
5013,0,4864869.0,
5014,0,4864863.0,
5015,0,4864850.0,
5016,0,4864860.5,
5017,0,4864859.0,
5018,0,4864854.5,
5019,0,4864855.5,
5020,0,4864855.5,
5021,0,4864855.5,
5022,0,4864861.0,
5023,0,4864864.5,
5024,0,4864878.0,
5025,0,4864874.5,
5026,0,4864865.5,
5027,0,4864864.5,
5028,0,4864863.0,
5029,0,4864867.0,
5030,0,4864857.5,
5031,0,4864858.5,
5032,0,4864858.5,
5033,0,4864859.0,
5034,0,4864851.0,
5035,0,4864851.0,
5036,0,4864851.0,
5037,0,4864851.5,
5038,0,4864851.5,
5039,0,4864930.0,
5040,0,4864930.0,
5041,0,4864929.0,
5042,0,4864926.0,
5043,0,4864920.0,
5044,0,4864919.5,
5045,0,4864926.0,
5046,0,4864924.0,
5047,0,4864925.0,
5048,0,4864925.0,
5049,0,4864919.0,
5050,0,4864918.0,
5051,0,4864919.0,
5052,0,4864917.0,
5053,0,4864917.0,
5054,1,4864918.0,
5055,1,4864918.0,
5056,1,4864918.5,
5057,0,4864920.5,
5058,0,4864919.5,
5059,0,4864935.0,
5060,0,4864935.0,
5061,0,4864937.0,
5062,0,4864938.0,
5063,0,4864921.5,
5064,0,4864922.5,
5065,0,4864936.5,
5066,1,4864924.5,
5067,0,4864923.0,
5068,0,4864934.0,
5069,0,4864927.5,
5070,0,4864931.5,
5071,0,4864931.0,
5072,0,4864931.5,
5073,0,4864931.5,
5074,1,4864932.5,
5075,1,4864933.0,
5076,1,4864938.0,
5077,1,4864937.5,
5078,1,4864937.5,
5079,1,4864938.5,
5080,1,4864942.0,
5081,0,4864965.5,
5082,0,4864929.5,
5083,0,4864965.0,
5084,0,4864944.0,
5085,1,4864944.0,
5086,1,4864957.0,
5087,1,4864956.5,
5088,0,4864950.0,
5089,0,4864942.0,
5090,0,4864942.0,
5091,0,4864936.5,
5092,0,4864942.5,
5093,0,4864942.0,
5094,0,4864931.0,
5095,0,4864956.0,
5096,0,4864931.0,
5097,0,4864929.5,
5098,0,4864930.0,
5099,0,4864935.0,
5100,0,4864937.5,
5101,0,4864938.5,
5102,0,4864936.0,
5103,0,4864935.0,
5104,0,4864937.5,
5105,0,4864935.0,
5106,0,4864931.5,
5107,0,4864931.5,
5108,0,4864937.5,
5109,0,4864929.5,
5110,0,4864929.5,
5111,0,4864929.5,
5112,0,4864928.0,
5113,0,4864929.5,
5114,0,4864921.5,
5115,0,4864921.5,
5116,0,4864921.5,
5117,0,4864922.0,
5118,0,4864921.5,
5119,1,4864871.5,
5120,1,4864867.5,
5121,1,4864867.5,
5122,1,4864868.0,
5123,1,4864865.5,
5124,0,4864873.5,
5125,0,4864886.5,
5126,0,4864883.5,
5127,0,4864875.5,
5128,0,4864880.0,
5129,0,4864879.5,
5130,0,4864876.5,
5131,0,4864879.0,
5132,0,4864882.5,
5133,0,4864886.0,
5134,0,4864866.5,
5135,0,4864883.0,
5136,0,4864866.5,
5137,0,4864865.0,
5138,0,4864865.0,
5139,0,4864865.0,
5140,0,4864883.5,
5141,0,4864883.5,
5142,0,4864879.5,
5143,0,4864872.5,
5144,0,4864865.0,
5145,0,4864865.5,
5146,0,4864883.5,
5147,1,4864863.0,
5148,1,4864863.0,
5149,0,4864886.0,
5150,0,4864886.0,
5151,0,4864883.5,
5152,0,4864883.5,
5153,0,4864883.5,
5154,1,4864873.5,
5155,0,4864897.5,
5156,0,4864897.5,
5157,0,4864896.0,
5158,0,4864896.0,
5159,0,4864896.0,
5160,1,4864871.0,
5161,0,4864859.0,
5162,1,4864861.0,
5163,1,4864869.0,
5164,1,4864863.5,
5165,1,4864863.0,
5166,1,4864866.0,
5167,0,4864866.5,
5168,0,4864864.5,
5169,1,4864864.0,
5170,1,4864865.5,
5171,1,4864866.0,
5172,1,4864875.5,
5173,1,4864875.0,
5174,1,4864872.0,
5175,0,4864872.0,
5176,0,4864871.5,
5177,1,4864871.0,
5178,1,4864871.5,
